CaseName,TimeStep,B0x,B0y,B0z,ns,__CatalystChannel__,TimeValue,ScalarField,FILE
GEM,2302,0.0195,0,0,4,particles,575.5,mag(B),data/GEM_2302_0.0195_0_0_4_particles_575.5_mag(B).vtu
GEM,2304,0.0195,0,0,4,particles,576,mag(B),data/GEM_2304_0.0195_0_0_4_particles_576_mag(B).vtu
GEM,2306,0.0195,0,0,4,particles,576.5,mag(B),data/GEM_2306_0.0195_0_0_4_particles_576.5_mag(B).vtu
GEM,2308,0.0195,0,0,4,particles,577,mag(B),data/GEM_2308_0.0195_0_0_4_particles_577_mag(B).vtu
GEM,2310,0.0195,0,0,4,particles,577.5,mag(B),data/GEM_2310_0.0195_0_0_4_particles_577.5_mag(B).vtu
GEM,2312,0.0195,0,0,4,particles,578,mag(B),data/GEM_2312_0.0195_0_0_4_particles_578_mag(B).vtu
GEM,2314,0.0195,0,0,4,particles,578.5,mag(B),data/GEM_2314_0.0195_0_0_4_particles_578.5_mag(B).vtu
GEM,2316,0.0195,0,0,4,particles,579,mag(B),data/GEM_2316_0.0195_0_0_4_particles_579_mag(B).vtu
GEM,2318,0.0195,0,0,4,particles,579.5,mag(B),data/GEM_2318_0.0195_0_0_4_particles_579.5_mag(B).vtu
GEM,2320,0.0195,0,0,4,particles,580,mag(B),data/GEM_2320_0.0195_0_0_4_particles_580_mag(B).vtu
GEM,2322,0.0195,0,0,4,particles,580.5,mag(B),data/GEM_2322_0.0195_0_0_4_particles_580.5_mag(B).vtu
GEM,2324,0.0195,0,0,4,particles,581,mag(B),data/GEM_2324_0.0195_0_0_4_particles_581_mag(B).vtu
GEM,2326,0.0195,0,0,4,particles,581.5,mag(B),data/GEM_2326_0.0195_0_0_4_particles_581.5_mag(B).vtu
GEM,2328,0.0195,0,0,4,particles,582,mag(B),data/GEM_2328_0.0195_0_0_4_particles_582_mag(B).vtu
GEM,2330,0.0195,0,0,4,particles,582.5,mag(B),data/GEM_2330_0.0195_0_0_4_particles_582.5_mag(B).vtu
GEM,2332,0.0195,0,0,4,particles,583,mag(B),data/GEM_2332_0.0195_0_0_4_particles_583_mag(B).vtu
GEM,2334,0.0195,0,0,4,particles,583.5,mag(B),data/GEM_2334_0.0195_0_0_4_particles_583.5_mag(B).vtu
GEM,2336,0.0195,0,0,4,particles,584,mag(B),data/GEM_2336_0.0195_0_0_4_particles_584_mag(B).vtu
GEM,2338,0.0195,0,0,4,particles,584.5,mag(B),data/GEM_2338_0.0195_0_0_4_particles_584.5_mag(B).vtu
GEM,2340,0.0195,0,0,4,particles,585,mag(B),data/GEM_2340_0.0195_0_0_4_particles_585_mag(B).vtu
GEM,2342,0.0195,0,0,4,particles,585.5,mag(B),data/GEM_2342_0.0195_0_0_4_particles_585.5_mag(B).vtu
GEM,2344,0.0195,0,0,4,particles,586,mag(B),data/GEM_2344_0.0195_0_0_4_particles_586_mag(B).vtu
GEM,2346,0.0195,0,0,4,particles,586.5,mag(B),data/GEM_2346_0.0195_0_0_4_particles_586.5_mag(B).vtu
GEM,2348,0.0195,0,0,4,particles,587,mag(B),data/GEM_2348_0.0195_0_0_4_particles_587_mag(B).vtu
GEM,2350,0.0195,0,0,4,particles,587.5,mag(B),data/GEM_2350_0.0195_0_0_4_particles_587.5_mag(B).vtu
GEM,2352,0.0195,0,0,4,particles,588,mag(B),data/GEM_2352_0.0195_0_0_4_particles_588_mag(B).vtu
GEM,2354,0.0195,0,0,4,particles,588.5,mag(B),data/GEM_2354_0.0195_0_0_4_particles_588.5_mag(B).vtu
GEM,2356,0.0195,0,0,4,particles,589,mag(B),data/GEM_2356_0.0195_0_0_4_particles_589_mag(B).vtu
GEM,2358,0.0195,0,0,4,particles,589.5,mag(B),data/GEM_2358_0.0195_0_0_4_particles_589.5_mag(B).vtu
GEM,2360,0.0195,0,0,4,particles,590,mag(B),data/GEM_2360_0.0195_0_0_4_particles_590_mag(B).vtu
GEM,2362,0.0195,0,0,4,particles,590.5,mag(B),data/GEM_2362_0.0195_0_0_4_particles_590.5_mag(B).vtu
GEM,2364,0.0195,0,0,4,particles,591,mag(B),data/GEM_2364_0.0195_0_0_4_particles_591_mag(B).vtu
GEM,2366,0.0195,0,0,4,particles,591.5,mag(B),data/GEM_2366_0.0195_0_0_4_particles_591.5_mag(B).vtu
GEM,2368,0.0195,0,0,4,particles,592,mag(B),data/GEM_2368_0.0195_0_0_4_particles_592_mag(B).vtu
GEM,2370,0.0195,0,0,4,particles,592.5,mag(B),data/GEM_2370_0.0195_0_0_4_particles_592.5_mag(B).vtu
GEM,2372,0.0195,0,0,4,particles,593,mag(B),data/GEM_2372_0.0195_0_0_4_particles_593_mag(B).vtu
GEM,2374,0.0195,0,0,4,particles,593.5,mag(B),data/GEM_2374_0.0195_0_0_4_particles_593.5_mag(B).vtu
GEM,2376,0.0195,0,0,4,particles,594,mag(B),data/GEM_2376_0.0195_0_0_4_particles_594_mag(B).vtu
GEM,2378,0.0195,0,0,4,particles,594.5,mag(B),data/GEM_2378_0.0195_0_0_4_particles_594.5_mag(B).vtu
GEM,2380,0.0195,0,0,4,particles,595,mag(B),data/GEM_2380_0.0195_0_0_4_particles_595_mag(B).vtu
GEM,2382,0.0195,0,0,4,particles,595.5,mag(B),data/GEM_2382_0.0195_0_0_4_particles_595.5_mag(B).vtu
GEM,2384,0.0195,0,0,4,particles,596,mag(B),data/GEM_2384_0.0195_0_0_4_particles_596_mag(B).vtu
GEM,2386,0.0195,0,0,4,particles,596.5,mag(B),data/GEM_2386_0.0195_0_0_4_particles_596.5_mag(B).vtu
GEM,2388,0.0195,0,0,4,particles,597,mag(B),data/GEM_2388_0.0195_0_0_4_particles_597_mag(B).vtu
GEM,2390,0.0195,0,0,4,particles,597.5,mag(B),data/GEM_2390_0.0195_0_0_4_particles_597.5_mag(B).vtu
GEM,2392,0.0195,0,0,4,particles,598,mag(B),data/GEM_2392_0.0195_0_0_4_particles_598_mag(B).vtu
GEM,2394,0.0195,0,0,4,particles,598.5,mag(B),data/GEM_2394_0.0195_0_0_4_particles_598.5_mag(B).vtu
GEM,2396,0.0195,0,0,4,particles,599,mag(B),data/GEM_2396_0.0195_0_0_4_particles_599_mag(B).vtu
GEM,2398,0.0195,0,0,4,particles,599.5,mag(B),data/GEM_2398_0.0195_0_0_4_particles_599.5_mag(B).vtu
GEM,2400,0.0195,0,0,4,particles,600,mag(B),data/GEM_2400_0.0195_0_0_4_particles_600_mag(B).vtu
GEM,2402,0.0195,0,0,4,particles,600.5,mag(B),data/GEM_2402_0.0195_0_0_4_particles_600.5_mag(B).vtu
GEM,2404,0.0195,0,0,4,particles,601,mag(B),data/GEM_2404_0.0195_0_0_4_particles_601_mag(B).vtu
GEM,2406,0.0195,0,0,4,particles,601.5,mag(B),data/GEM_2406_0.0195_0_0_4_particles_601.5_mag(B).vtu
GEM,2408,0.0195,0,0,4,particles,602,mag(B),data/GEM_2408_0.0195_0_0_4_particles_602_mag(B).vtu
GEM,2410,0.0195,0,0,4,particles,602.5,mag(B),data/GEM_2410_0.0195_0_0_4_particles_602.5_mag(B).vtu
GEM,2412,0.0195,0,0,4,particles,603,mag(B),data/GEM_2412_0.0195_0_0_4_particles_603_mag(B).vtu
GEM,2414,0.0195,0,0,4,particles,603.5,mag(B),data/GEM_2414_0.0195_0_0_4_particles_603.5_mag(B).vtu
GEM,2416,0.0195,0,0,4,particles,604,mag(B),data/GEM_2416_0.0195_0_0_4_particles_604_mag(B).vtu
GEM,2418,0.0195,0,0,4,particles,604.5,mag(B),data/GEM_2418_0.0195_0_0_4_particles_604.5_mag(B).vtu
GEM,2420,0.0195,0,0,4,particles,605,mag(B),data/GEM_2420_0.0195_0_0_4_particles_605_mag(B).vtu
GEM,2422,0.0195,0,0,4,particles,605.5,mag(B),data/GEM_2422_0.0195_0_0_4_particles_605.5_mag(B).vtu
GEM,2424,0.0195,0,0,4,particles,606,mag(B),data/GEM_2424_0.0195_0_0_4_particles_606_mag(B).vtu
GEM,2426,0.0195,0,0,4,particles,606.5,mag(B),data/GEM_2426_0.0195_0_0_4_particles_606.5_mag(B).vtu
GEM,2428,0.0195,0,0,4,particles,607,mag(B),data/GEM_2428_0.0195_0_0_4_particles_607_mag(B).vtu
GEM,2430,0.0195,0,0,4,particles,607.5,mag(B),data/GEM_2430_0.0195_0_0_4_particles_607.5_mag(B).vtu
GEM,2432,0.0195,0,0,4,particles,608,mag(B),data/GEM_2432_0.0195_0_0_4_particles_608_mag(B).vtu
GEM,2434,0.0195,0,0,4,particles,608.5,mag(B),data/GEM_2434_0.0195_0_0_4_particles_608.5_mag(B).vtu
GEM,2436,0.0195,0,0,4,particles,609,mag(B),data/GEM_2436_0.0195_0_0_4_particles_609_mag(B).vtu
GEM,2438,0.0195,0,0,4,particles,609.5,mag(B),data/GEM_2438_0.0195_0_0_4_particles_609.5_mag(B).vtu
GEM,2440,0.0195,0,0,4,particles,610,mag(B),data/GEM_2440_0.0195_0_0_4_particles_610_mag(B).vtu
GEM,2442,0.0195,0,0,4,particles,610.5,mag(B),data/GEM_2442_0.0195_0_0_4_particles_610.5_mag(B).vtu
GEM,2444,0.0195,0,0,4,particles,611,mag(B),data/GEM_2444_0.0195_0_0_4_particles_611_mag(B).vtu
GEM,2446,0.0195,0,0,4,particles,611.5,mag(B),data/GEM_2446_0.0195_0_0_4_particles_611.5_mag(B).vtu
GEM,2448,0.0195,0,0,4,particles,612,mag(B),data/GEM_2448_0.0195_0_0_4_particles_612_mag(B).vtu
GEM,2450,0.0195,0,0,4,particles,612.5,mag(B),data/GEM_2450_0.0195_0_0_4_particles_612.5_mag(B).vtu
GEM,2452,0.0195,0,0,4,particles,613,mag(B),data/GEM_2452_0.0195_0_0_4_particles_613_mag(B).vtu
GEM,2454,0.0195,0,0,4,particles,613.5,mag(B),data/GEM_2454_0.0195_0_0_4_particles_613.5_mag(B).vtu
GEM,2456,0.0195,0,0,4,particles,614,mag(B),data/GEM_2456_0.0195_0_0_4_particles_614_mag(B).vtu
GEM,2458,0.0195,0,0,4,particles,614.5,mag(B),data/GEM_2458_0.0195_0_0_4_particles_614.5_mag(B).vtu
GEM,2460,0.0195,0,0,4,particles,615,mag(B),data/GEM_2460_0.0195_0_0_4_particles_615_mag(B).vtu
GEM,2462,0.0195,0,0,4,particles,615.5,mag(B),data/GEM_2462_0.0195_0_0_4_particles_615.5_mag(B).vtu
GEM,2464,0.0195,0,0,4,particles,616,mag(B),data/GEM_2464_0.0195_0_0_4_particles_616_mag(B).vtu
GEM,2466,0.0195,0,0,4,particles,616.5,mag(B),data/GEM_2466_0.0195_0_0_4_particles_616.5_mag(B).vtu
GEM,2468,0.0195,0,0,4,particles,617,mag(B),data/GEM_2468_0.0195_0_0_4_particles_617_mag(B).vtu
GEM,2470,0.0195,0,0,4,particles,617.5,mag(B),data/GEM_2470_0.0195_0_0_4_particles_617.5_mag(B).vtu
GEM,2472,0.0195,0,0,4,particles,618,mag(B),data/GEM_2472_0.0195_0_0_4_particles_618_mag(B).vtu
GEM,2474,0.0195,0,0,4,particles,618.5,mag(B),data/GEM_2474_0.0195_0_0_4_particles_618.5_mag(B).vtu
GEM,2476,0.0195,0,0,4,particles,619,mag(B),data/GEM_2476_0.0195_0_0_4_particles_619_mag(B).vtu
GEM,2478,0.0195,0,0,4,particles,619.5,mag(B),data/GEM_2478_0.0195_0_0_4_particles_619.5_mag(B).vtu
GEM,2480,0.0195,0,0,4,particles,620,mag(B),data/GEM_2480_0.0195_0_0_4_particles_620_mag(B).vtu
GEM,2482,0.0195,0,0,4,particles,620.5,mag(B),data/GEM_2482_0.0195_0_0_4_particles_620.5_mag(B).vtu
GEM,2484,0.0195,0,0,4,particles,621,mag(B),data/GEM_2484_0.0195_0_0_4_particles_621_mag(B).vtu
GEM,2486,0.0195,0,0,4,particles,621.5,mag(B),data/GEM_2486_0.0195_0_0_4_particles_621.5_mag(B).vtu
GEM,2488,0.0195,0,0,4,particles,622,mag(B),data/GEM_2488_0.0195_0_0_4_particles_622_mag(B).vtu
GEM,2490,0.0195,0,0,4,particles,622.5,mag(B),data/GEM_2490_0.0195_0_0_4_particles_622.5_mag(B).vtu
GEM,2492,0.0195,0,0,4,particles,623,mag(B),data/GEM_2492_0.0195_0_0_4_particles_623_mag(B).vtu
GEM,2494,0.0195,0,0,4,particles,623.5,mag(B),data/GEM_2494_0.0195_0_0_4_particles_623.5_mag(B).vtu
GEM,2496,0.0195,0,0,4,particles,624,mag(B),data/GEM_2496_0.0195_0_0_4_particles_624_mag(B).vtu
GEM,2498,0.0195,0,0,4,particles,624.5,mag(B),data/GEM_2498_0.0195_0_0_4_particles_624.5_mag(B).vtu
GEM,2500,0.0195,0,0,4,particles,625,mag(B),data/GEM_2500_0.0195_0_0_4_particles_625_mag(B).vtu
GEM,2302,0.0195,0,0.0195,4,particles,575.5,mag(B),data/GEM_2302_0.0195_0_0.0195_4_particles_575.5_mag(B).vtu
GEM,2304,0.0195,0,0.0195,4,particles,576,mag(B),data/GEM_2304_0.0195_0_0.0195_4_particles_576_mag(B).vtu
GEM,2306,0.0195,0,0.0195,4,particles,576.5,mag(B),data/GEM_2306_0.0195_0_0.0195_4_particles_576.5_mag(B).vtu
GEM,2308,0.0195,0,0.0195,4,particles,577,mag(B),data/GEM_2308_0.0195_0_0.0195_4_particles_577_mag(B).vtu
GEM,2310,0.0195,0,0.0195,4,particles,577.5,mag(B),data/GEM_2310_0.0195_0_0.0195_4_particles_577.5_mag(B).vtu
GEM,2312,0.0195,0,0.0195,4,particles,578,mag(B),data/GEM_2312_0.0195_0_0.0195_4_particles_578_mag(B).vtu
GEM,2314,0.0195,0,0.0195,4,particles,578.5,mag(B),data/GEM_2314_0.0195_0_0.0195_4_particles_578.5_mag(B).vtu
GEM,2316,0.0195,0,0.0195,4,particles,579,mag(B),data/GEM_2316_0.0195_0_0.0195_4_particles_579_mag(B).vtu
GEM,2318,0.0195,0,0.0195,4,particles,579.5,mag(B),data/GEM_2318_0.0195_0_0.0195_4_particles_579.5_mag(B).vtu
GEM,2320,0.0195,0,0.0195,4,particles,580,mag(B),data/GEM_2320_0.0195_0_0.0195_4_particles_580_mag(B).vtu
GEM,2322,0.0195,0,0.0195,4,particles,580.5,mag(B),data/GEM_2322_0.0195_0_0.0195_4_particles_580.5_mag(B).vtu
GEM,2324,0.0195,0,0.0195,4,particles,581,mag(B),data/GEM_2324_0.0195_0_0.0195_4_particles_581_mag(B).vtu
GEM,2326,0.0195,0,0.0195,4,particles,581.5,mag(B),data/GEM_2326_0.0195_0_0.0195_4_particles_581.5_mag(B).vtu
GEM,2328,0.0195,0,0.0195,4,particles,582,mag(B),data/GEM_2328_0.0195_0_0.0195_4_particles_582_mag(B).vtu
GEM,2330,0.0195,0,0.0195,4,particles,582.5,mag(B),data/GEM_2330_0.0195_0_0.0195_4_particles_582.5_mag(B).vtu
GEM,2332,0.0195,0,0.0195,4,particles,583,mag(B),data/GEM_2332_0.0195_0_0.0195_4_particles_583_mag(B).vtu
GEM,2334,0.0195,0,0.0195,4,particles,583.5,mag(B),data/GEM_2334_0.0195_0_0.0195_4_particles_583.5_mag(B).vtu
GEM,2336,0.0195,0,0.0195,4,particles,584,mag(B),data/GEM_2336_0.0195_0_0.0195_4_particles_584_mag(B).vtu
GEM,2338,0.0195,0,0.0195,4,particles,584.5,mag(B),data/GEM_2338_0.0195_0_0.0195_4_particles_584.5_mag(B).vtu
GEM,2340,0.0195,0,0.0195,4,particles,585,mag(B),data/GEM_2340_0.0195_0_0.0195_4_particles_585_mag(B).vtu
GEM,2342,0.0195,0,0.0195,4,particles,585.5,mag(B),data/GEM_2342_0.0195_0_0.0195_4_particles_585.5_mag(B).vtu
GEM,2344,0.0195,0,0.0195,4,particles,586,mag(B),data/GEM_2344_0.0195_0_0.0195_4_particles_586_mag(B).vtu
GEM,2346,0.0195,0,0.0195,4,particles,586.5,mag(B),data/GEM_2346_0.0195_0_0.0195_4_particles_586.5_mag(B).vtu
GEM,2348,0.0195,0,0.0195,4,particles,587,mag(B),data/GEM_2348_0.0195_0_0.0195_4_particles_587_mag(B).vtu
GEM,2350,0.0195,0,0.0195,4,particles,587.5,mag(B),data/GEM_2350_0.0195_0_0.0195_4_particles_587.5_mag(B).vtu
GEM,2352,0.0195,0,0.0195,4,particles,588,mag(B),data/GEM_2352_0.0195_0_0.0195_4_particles_588_mag(B).vtu
GEM,2354,0.0195,0,0.0195,4,particles,588.5,mag(B),data/GEM_2354_0.0195_0_0.0195_4_particles_588.5_mag(B).vtu
GEM,2356,0.0195,0,0.0195,4,particles,589,mag(B),data/GEM_2356_0.0195_0_0.0195_4_particles_589_mag(B).vtu
GEM,2358,0.0195,0,0.0195,4,particles,589.5,mag(B),data/GEM_2358_0.0195_0_0.0195_4_particles_589.5_mag(B).vtu
GEM,2360,0.0195,0,0.0195,4,particles,590,mag(B),data/GEM_2360_0.0195_0_0.0195_4_particles_590_mag(B).vtu
GEM,2362,0.0195,0,0.0195,4,particles,590.5,mag(B),data/GEM_2362_0.0195_0_0.0195_4_particles_590.5_mag(B).vtu
GEM,2364,0.0195,0,0.0195,4,particles,591,mag(B),data/GEM_2364_0.0195_0_0.0195_4_particles_591_mag(B).vtu
GEM,2366,0.0195,0,0.0195,4,particles,591.5,mag(B),data/GEM_2366_0.0195_0_0.0195_4_particles_591.5_mag(B).vtu
GEM,2368,0.0195,0,0.0195,4,particles,592,mag(B),data/GEM_2368_0.0195_0_0.0195_4_particles_592_mag(B).vtu
GEM,2370,0.0195,0,0.0195,4,particles,592.5,mag(B),data/GEM_2370_0.0195_0_0.0195_4_particles_592.5_mag(B).vtu
GEM,2372,0.0195,0,0.0195,4,particles,593,mag(B),data/GEM_2372_0.0195_0_0.0195_4_particles_593_mag(B).vtu
GEM,2374,0.0195,0,0.0195,4,particles,593.5,mag(B),data/GEM_2374_0.0195_0_0.0195_4_particles_593.5_mag(B).vtu
GEM,2376,0.0195,0,0.0195,4,particles,594,mag(B),data/GEM_2376_0.0195_0_0.0195_4_particles_594_mag(B).vtu
GEM,2378,0.0195,0,0.0195,4,particles,594.5,mag(B),data/GEM_2378_0.0195_0_0.0195_4_particles_594.5_mag(B).vtu
GEM,2380,0.0195,0,0.0195,4,particles,595,mag(B),data/GEM_2380_0.0195_0_0.0195_4_particles_595_mag(B).vtu
GEM,2382,0.0195,0,0.0195,4,particles,595.5,mag(B),data/GEM_2382_0.0195_0_0.0195_4_particles_595.5_mag(B).vtu
GEM,2384,0.0195,0,0.0195,4,particles,596,mag(B),data/GEM_2384_0.0195_0_0.0195_4_particles_596_mag(B).vtu
GEM,2386,0.0195,0,0.0195,4,particles,596.5,mag(B),data/GEM_2386_0.0195_0_0.0195_4_particles_596.5_mag(B).vtu
GEM,2388,0.0195,0,0.0195,4,particles,597,mag(B),data/GEM_2388_0.0195_0_0.0195_4_particles_597_mag(B).vtu
GEM,2390,0.0195,0,0.0195,4,particles,597.5,mag(B),data/GEM_2390_0.0195_0_0.0195_4_particles_597.5_mag(B).vtu
GEM,2392,0.0195,0,0.0195,4,particles,598,mag(B),data/GEM_2392_0.0195_0_0.0195_4_particles_598_mag(B).vtu
GEM,2394,0.0195,0,0.0195,4,particles,598.5,mag(B),data/GEM_2394_0.0195_0_0.0195_4_particles_598.5_mag(B).vtu
GEM,2396,0.0195,0,0.0195,4,particles,599,mag(B),data/GEM_2396_0.0195_0_0.0195_4_particles_599_mag(B).vtu
GEM,2398,0.0195,0,0.0195,4,particles,599.5,mag(B),data/GEM_2398_0.0195_0_0.0195_4_particles_599.5_mag(B).vtu
GEM,2400,0.0195,0,0.0195,4,particles,600,mag(B),data/GEM_2400_0.0195_0_0.0195_4_particles_600_mag(B).vtu
GEM,2402,0.0195,0,0.0195,4,particles,600.5,mag(B),data/GEM_2402_0.0195_0_0.0195_4_particles_600.5_mag(B).vtu
GEM,2404,0.0195,0,0.0195,4,particles,601,mag(B),data/GEM_2404_0.0195_0_0.0195_4_particles_601_mag(B).vtu
GEM,2406,0.0195,0,0.0195,4,particles,601.5,mag(B),data/GEM_2406_0.0195_0_0.0195_4_particles_601.5_mag(B).vtu
GEM,2408,0.0195,0,0.0195,4,particles,602,mag(B),data/GEM_2408_0.0195_0_0.0195_4_particles_602_mag(B).vtu
GEM,2410,0.0195,0,0.0195,4,particles,602.5,mag(B),data/GEM_2410_0.0195_0_0.0195_4_particles_602.5_mag(B).vtu
GEM,2412,0.0195,0,0.0195,4,particles,603,mag(B),data/GEM_2412_0.0195_0_0.0195_4_particles_603_mag(B).vtu
GEM,2414,0.0195,0,0.0195,4,particles,603.5,mag(B),data/GEM_2414_0.0195_0_0.0195_4_particles_603.5_mag(B).vtu
GEM,2416,0.0195,0,0.0195,4,particles,604,mag(B),data/GEM_2416_0.0195_0_0.0195_4_particles_604_mag(B).vtu
GEM,2418,0.0195,0,0.0195,4,particles,604.5,mag(B),data/GEM_2418_0.0195_0_0.0195_4_particles_604.5_mag(B).vtu
GEM,2420,0.0195,0,0.0195,4,particles,605,mag(B),data/GEM_2420_0.0195_0_0.0195_4_particles_605_mag(B).vtu
GEM,2422,0.0195,0,0.0195,4,particles,605.5,mag(B),data/GEM_2422_0.0195_0_0.0195_4_particles_605.5_mag(B).vtu
GEM,2424,0.0195,0,0.0195,4,particles,606,mag(B),data/GEM_2424_0.0195_0_0.0195_4_particles_606_mag(B).vtu
GEM,2426,0.0195,0,0.0195,4,particles,606.5,mag(B),data/GEM_2426_0.0195_0_0.0195_4_particles_606.5_mag(B).vtu
GEM,2428,0.0195,0,0.0195,4,particles,607,mag(B),data/GEM_2428_0.0195_0_0.0195_4_particles_607_mag(B).vtu
GEM,2430,0.0195,0,0.0195,4,particles,607.5,mag(B),data/GEM_2430_0.0195_0_0.0195_4_particles_607.5_mag(B).vtu
GEM,2432,0.0195,0,0.0195,4,particles,608,mag(B),data/GEM_2432_0.0195_0_0.0195_4_particles_608_mag(B).vtu
GEM,2434,0.0195,0,0.0195,4,particles,608.5,mag(B),data/GEM_2434_0.0195_0_0.0195_4_particles_608.5_mag(B).vtu
GEM,2436,0.0195,0,0.0195,4,particles,609,mag(B),data/GEM_2436_0.0195_0_0.0195_4_particles_609_mag(B).vtu
GEM,2438,0.0195,0,0.0195,4,particles,609.5,mag(B),data/GEM_2438_0.0195_0_0.0195_4_particles_609.5_mag(B).vtu
GEM,2440,0.0195,0,0.0195,4,particles,610,mag(B),data/GEM_2440_0.0195_0_0.0195_4_particles_610_mag(B).vtu
GEM,2442,0.0195,0,0.0195,4,particles,610.5,mag(B),data/GEM_2442_0.0195_0_0.0195_4_particles_610.5_mag(B).vtu
GEM,2444,0.0195,0,0.0195,4,particles,611,mag(B),data/GEM_2444_0.0195_0_0.0195_4_particles_611_mag(B).vtu
GEM,2446,0.0195,0,0.0195,4,particles,611.5,mag(B),data/GEM_2446_0.0195_0_0.0195_4_particles_611.5_mag(B).vtu
GEM,2448,0.0195,0,0.0195,4,particles,612,mag(B),data/GEM_2448_0.0195_0_0.0195_4_particles_612_mag(B).vtu
GEM,2450,0.0195,0,0.0195,4,particles,612.5,mag(B),data/GEM_2450_0.0195_0_0.0195_4_particles_612.5_mag(B).vtu
GEM,2452,0.0195,0,0.0195,4,particles,613,mag(B),data/GEM_2452_0.0195_0_0.0195_4_particles_613_mag(B).vtu
GEM,2454,0.0195,0,0.0195,4,particles,613.5,mag(B),data/GEM_2454_0.0195_0_0.0195_4_particles_613.5_mag(B).vtu
GEM,2456,0.0195,0,0.0195,4,particles,614,mag(B),data/GEM_2456_0.0195_0_0.0195_4_particles_614_mag(B).vtu
GEM,2458,0.0195,0,0.0195,4,particles,614.5,mag(B),data/GEM_2458_0.0195_0_0.0195_4_particles_614.5_mag(B).vtu
GEM,2460,0.0195,0,0.0195,4,particles,615,mag(B),data/GEM_2460_0.0195_0_0.0195_4_particles_615_mag(B).vtu
GEM,2462,0.0195,0,0.0195,4,particles,615.5,mag(B),data/GEM_2462_0.0195_0_0.0195_4_particles_615.5_mag(B).vtu
GEM,2464,0.0195,0,0.0195,4,particles,616,mag(B),data/GEM_2464_0.0195_0_0.0195_4_particles_616_mag(B).vtu
GEM,2466,0.0195,0,0.0195,4,particles,616.5,mag(B),data/GEM_2466_0.0195_0_0.0195_4_particles_616.5_mag(B).vtu
GEM,2468,0.0195,0,0.0195,4,particles,617,mag(B),data/GEM_2468_0.0195_0_0.0195_4_particles_617_mag(B).vtu
GEM,2470,0.0195,0,0.0195,4,particles,617.5,mag(B),data/GEM_2470_0.0195_0_0.0195_4_particles_617.5_mag(B).vtu
GEM,2472,0.0195,0,0.0195,4,particles,618,mag(B),data/GEM_2472_0.0195_0_0.0195_4_particles_618_mag(B).vtu
GEM,2474,0.0195,0,0.0195,4,particles,618.5,mag(B),data/GEM_2474_0.0195_0_0.0195_4_particles_618.5_mag(B).vtu
GEM,2476,0.0195,0,0.0195,4,particles,619,mag(B),data/GEM_2476_0.0195_0_0.0195_4_particles_619_mag(B).vtu
GEM,2478,0.0195,0,0.0195,4,particles,619.5,mag(B),data/GEM_2478_0.0195_0_0.0195_4_particles_619.5_mag(B).vtu
GEM,2480,0.0195,0,0.0195,4,particles,620,mag(B),data/GEM_2480_0.0195_0_0.0195_4_particles_620_mag(B).vtu
GEM,2482,0.0195,0,0.0195,4,particles,620.5,mag(B),data/GEM_2482_0.0195_0_0.0195_4_particles_620.5_mag(B).vtu
GEM,2484,0.0195,0,0.0195,4,particles,621,mag(B),data/GEM_2484_0.0195_0_0.0195_4_particles_621_mag(B).vtu
GEM,2486,0.0195,0,0.0195,4,particles,621.5,mag(B),data/GEM_2486_0.0195_0_0.0195_4_particles_621.5_mag(B).vtu
GEM,2488,0.0195,0,0.0195,4,particles,622,mag(B),data/GEM_2488_0.0195_0_0.0195_4_particles_622_mag(B).vtu
GEM,2490,0.0195,0,0.0195,4,particles,622.5,mag(B),data/GEM_2490_0.0195_0_0.0195_4_particles_622.5_mag(B).vtu
GEM,2492,0.0195,0,0.0195,4,particles,623,mag(B),data/GEM_2492_0.0195_0_0.0195_4_particles_623_mag(B).vtu
GEM,2494,0.0195,0,0.0195,4,particles,623.5,mag(B),data/GEM_2494_0.0195_0_0.0195_4_particles_623.5_mag(B).vtu
GEM,2496,0.0195,0,0.0195,4,particles,624,mag(B),data/GEM_2496_0.0195_0_0.0195_4_particles_624_mag(B).vtu
GEM,2498,0.0195,0,0.0195,4,particles,624.5,mag(B),data/GEM_2498_0.0195_0_0.0195_4_particles_624.5_mag(B).vtu
GEM,2500,0.0195,0,0.0195,4,particles,625,mag(B),data/GEM_2500_0.0195_0_0.0195_4_particles_625_mag(B).vtu
GEM,2302,0.0195,0,0.0195,2,particles,575.5,mag(B),data/GEM_2302_0.0195_0_0.0195_2_particles_575.5_mag(B).vtu
GEM,2304,0.0195,0,0.0195,2,particles,576,mag(B),data/GEM_2304_0.0195_0_0.0195_2_particles_576_mag(B).vtu
GEM,2306,0.0195,0,0.0195,2,particles,576.5,mag(B),data/GEM_2306_0.0195_0_0.0195_2_particles_576.5_mag(B).vtu
GEM,2308,0.0195,0,0.0195,2,particles,577,mag(B),data/GEM_2308_0.0195_0_0.0195_2_particles_577_mag(B).vtu
GEM,2310,0.0195,0,0.0195,2,particles,577.5,mag(B),data/GEM_2310_0.0195_0_0.0195_2_particles_577.5_mag(B).vtu
GEM,2312,0.0195,0,0.0195,2,particles,578,mag(B),data/GEM_2312_0.0195_0_0.0195_2_particles_578_mag(B).vtu
GEM,2314,0.0195,0,0.0195,2,particles,578.5,mag(B),data/GEM_2314_0.0195_0_0.0195_2_particles_578.5_mag(B).vtu
GEM,2316,0.0195,0,0.0195,2,particles,579,mag(B),data/GEM_2316_0.0195_0_0.0195_2_particles_579_mag(B).vtu
GEM,2318,0.0195,0,0.0195,2,particles,579.5,mag(B),data/GEM_2318_0.0195_0_0.0195_2_particles_579.5_mag(B).vtu
GEM,2320,0.0195,0,0.0195,2,particles,580,mag(B),data/GEM_2320_0.0195_0_0.0195_2_particles_580_mag(B).vtu
GEM,2322,0.0195,0,0.0195,2,particles,580.5,mag(B),data/GEM_2322_0.0195_0_0.0195_2_particles_580.5_mag(B).vtu
GEM,2324,0.0195,0,0.0195,2,particles,581,mag(B),data/GEM_2324_0.0195_0_0.0195_2_particles_581_mag(B).vtu
GEM,2326,0.0195,0,0.0195,2,particles,581.5,mag(B),data/GEM_2326_0.0195_0_0.0195_2_particles_581.5_mag(B).vtu
GEM,2328,0.0195,0,0.0195,2,particles,582,mag(B),data/GEM_2328_0.0195_0_0.0195_2_particles_582_mag(B).vtu
GEM,2330,0.0195,0,0.0195,2,particles,582.5,mag(B),data/GEM_2330_0.0195_0_0.0195_2_particles_582.5_mag(B).vtu
GEM,2332,0.0195,0,0.0195,2,particles,583,mag(B),data/GEM_2332_0.0195_0_0.0195_2_particles_583_mag(B).vtu
GEM,2334,0.0195,0,0.0195,2,particles,583.5,mag(B),data/GEM_2334_0.0195_0_0.0195_2_particles_583.5_mag(B).vtu
GEM,2336,0.0195,0,0.0195,2,particles,584,mag(B),data/GEM_2336_0.0195_0_0.0195_2_particles_584_mag(B).vtu
GEM,2338,0.0195,0,0.0195,2,particles,584.5,mag(B),data/GEM_2338_0.0195_0_0.0195_2_particles_584.5_mag(B).vtu
GEM,2340,0.0195,0,0.0195,2,particles,585,mag(B),data/GEM_2340_0.0195_0_0.0195_2_particles_585_mag(B).vtu
GEM,2342,0.0195,0,0.0195,2,particles,585.5,mag(B),data/GEM_2342_0.0195_0_0.0195_2_particles_585.5_mag(B).vtu
GEM,2344,0.0195,0,0.0195,2,particles,586,mag(B),data/GEM_2344_0.0195_0_0.0195_2_particles_586_mag(B).vtu
GEM,2346,0.0195,0,0.0195,2,particles,586.5,mag(B),data/GEM_2346_0.0195_0_0.0195_2_particles_586.5_mag(B).vtu
GEM,2348,0.0195,0,0.0195,2,particles,587,mag(B),data/GEM_2348_0.0195_0_0.0195_2_particles_587_mag(B).vtu
GEM,2350,0.0195,0,0.0195,2,particles,587.5,mag(B),data/GEM_2350_0.0195_0_0.0195_2_particles_587.5_mag(B).vtu
GEM,2352,0.0195,0,0.0195,2,particles,588,mag(B),data/GEM_2352_0.0195_0_0.0195_2_particles_588_mag(B).vtu
GEM,2354,0.0195,0,0.0195,2,particles,588.5,mag(B),data/GEM_2354_0.0195_0_0.0195_2_particles_588.5_mag(B).vtu
GEM,2356,0.0195,0,0.0195,2,particles,589,mag(B),data/GEM_2356_0.0195_0_0.0195_2_particles_589_mag(B).vtu
GEM,2358,0.0195,0,0.0195,2,particles,589.5,mag(B),data/GEM_2358_0.0195_0_0.0195_2_particles_589.5_mag(B).vtu
GEM,2360,0.0195,0,0.0195,2,particles,590,mag(B),data/GEM_2360_0.0195_0_0.0195_2_particles_590_mag(B).vtu
GEM,2362,0.0195,0,0.0195,2,particles,590.5,mag(B),data/GEM_2362_0.0195_0_0.0195_2_particles_590.5_mag(B).vtu
GEM,2364,0.0195,0,0.0195,2,particles,591,mag(B),data/GEM_2364_0.0195_0_0.0195_2_particles_591_mag(B).vtu
GEM,2366,0.0195,0,0.0195,2,particles,591.5,mag(B),data/GEM_2366_0.0195_0_0.0195_2_particles_591.5_mag(B).vtu
GEM,2368,0.0195,0,0.0195,2,particles,592,mag(B),data/GEM_2368_0.0195_0_0.0195_2_particles_592_mag(B).vtu
GEM,2370,0.0195,0,0.0195,2,particles,592.5,mag(B),data/GEM_2370_0.0195_0_0.0195_2_particles_592.5_mag(B).vtu
GEM,2372,0.0195,0,0.0195,2,particles,593,mag(B),data/GEM_2372_0.0195_0_0.0195_2_particles_593_mag(B).vtu
GEM,2374,0.0195,0,0.0195,2,particles,593.5,mag(B),data/GEM_2374_0.0195_0_0.0195_2_particles_593.5_mag(B).vtu
GEM,2376,0.0195,0,0.0195,2,particles,594,mag(B),data/GEM_2376_0.0195_0_0.0195_2_particles_594_mag(B).vtu
GEM,2378,0.0195,0,0.0195,2,particles,594.5,mag(B),data/GEM_2378_0.0195_0_0.0195_2_particles_594.5_mag(B).vtu
GEM,2380,0.0195,0,0.0195,2,particles,595,mag(B),data/GEM_2380_0.0195_0_0.0195_2_particles_595_mag(B).vtu
GEM,2382,0.0195,0,0.0195,2,particles,595.5,mag(B),data/GEM_2382_0.0195_0_0.0195_2_particles_595.5_mag(B).vtu
GEM,2384,0.0195,0,0.0195,2,particles,596,mag(B),data/GEM_2384_0.0195_0_0.0195_2_particles_596_mag(B).vtu
GEM,2386,0.0195,0,0.0195,2,particles,596.5,mag(B),data/GEM_2386_0.0195_0_0.0195_2_particles_596.5_mag(B).vtu
GEM,2388,0.0195,0,0.0195,2,particles,597,mag(B),data/GEM_2388_0.0195_0_0.0195_2_particles_597_mag(B).vtu
GEM,2390,0.0195,0,0.0195,2,particles,597.5,mag(B),data/GEM_2390_0.0195_0_0.0195_2_particles_597.5_mag(B).vtu
GEM,2392,0.0195,0,0.0195,2,particles,598,mag(B),data/GEM_2392_0.0195_0_0.0195_2_particles_598_mag(B).vtu
GEM,2394,0.0195,0,0.0195,2,particles,598.5,mag(B),data/GEM_2394_0.0195_0_0.0195_2_particles_598.5_mag(B).vtu
GEM,2396,0.0195,0,0.0195,2,particles,599,mag(B),data/GEM_2396_0.0195_0_0.0195_2_particles_599_mag(B).vtu
GEM,2398,0.0195,0,0.0195,2,particles,599.5,mag(B),data/GEM_2398_0.0195_0_0.0195_2_particles_599.5_mag(B).vtu
GEM,2400,0.0195,0,0.0195,2,particles,600,mag(B),data/GEM_2400_0.0195_0_0.0195_2_particles_600_mag(B).vtu
GEM,2402,0.0195,0,0.0195,2,particles,600.5,mag(B),data/GEM_2402_0.0195_0_0.0195_2_particles_600.5_mag(B).vtu
GEM,2404,0.0195,0,0.0195,2,particles,601,mag(B),data/GEM_2404_0.0195_0_0.0195_2_particles_601_mag(B).vtu
GEM,2406,0.0195,0,0.0195,2,particles,601.5,mag(B),data/GEM_2406_0.0195_0_0.0195_2_particles_601.5_mag(B).vtu
GEM,2408,0.0195,0,0.0195,2,particles,602,mag(B),data/GEM_2408_0.0195_0_0.0195_2_particles_602_mag(B).vtu
GEM,2410,0.0195,0,0.0195,2,particles,602.5,mag(B),data/GEM_2410_0.0195_0_0.0195_2_particles_602.5_mag(B).vtu
GEM,2412,0.0195,0,0.0195,2,particles,603,mag(B),data/GEM_2412_0.0195_0_0.0195_2_particles_603_mag(B).vtu
GEM,2414,0.0195,0,0.0195,2,particles,603.5,mag(B),data/GEM_2414_0.0195_0_0.0195_2_particles_603.5_mag(B).vtu
GEM,2416,0.0195,0,0.0195,2,particles,604,mag(B),data/GEM_2416_0.0195_0_0.0195_2_particles_604_mag(B).vtu
GEM,2418,0.0195,0,0.0195,2,particles,604.5,mag(B),data/GEM_2418_0.0195_0_0.0195_2_particles_604.5_mag(B).vtu
GEM,2420,0.0195,0,0.0195,2,particles,605,mag(B),data/GEM_2420_0.0195_0_0.0195_2_particles_605_mag(B).vtu
GEM,2422,0.0195,0,0.0195,2,particles,605.5,mag(B),data/GEM_2422_0.0195_0_0.0195_2_particles_605.5_mag(B).vtu
GEM,2424,0.0195,0,0.0195,2,particles,606,mag(B),data/GEM_2424_0.0195_0_0.0195_2_particles_606_mag(B).vtu
GEM,2426,0.0195,0,0.0195,2,particles,606.5,mag(B),data/GEM_2426_0.0195_0_0.0195_2_particles_606.5_mag(B).vtu
GEM,2428,0.0195,0,0.0195,2,particles,607,mag(B),data/GEM_2428_0.0195_0_0.0195_2_particles_607_mag(B).vtu
GEM,2430,0.0195,0,0.0195,2,particles,607.5,mag(B),data/GEM_2430_0.0195_0_0.0195_2_particles_607.5_mag(B).vtu
GEM,2432,0.0195,0,0.0195,2,particles,608,mag(B),data/GEM_2432_0.0195_0_0.0195_2_particles_608_mag(B).vtu
GEM,2434,0.0195,0,0.0195,2,particles,608.5,mag(B),data/GEM_2434_0.0195_0_0.0195_2_particles_608.5_mag(B).vtu
GEM,2436,0.0195,0,0.0195,2,particles,609,mag(B),data/GEM_2436_0.0195_0_0.0195_2_particles_609_mag(B).vtu
GEM,2438,0.0195,0,0.0195,2,particles,609.5,mag(B),data/GEM_2438_0.0195_0_0.0195_2_particles_609.5_mag(B).vtu
GEM,2440,0.0195,0,0.0195,2,particles,610,mag(B),data/GEM_2440_0.0195_0_0.0195_2_particles_610_mag(B).vtu
GEM,2442,0.0195,0,0.0195,2,particles,610.5,mag(B),data/GEM_2442_0.0195_0_0.0195_2_particles_610.5_mag(B).vtu
GEM,2444,0.0195,0,0.0195,2,particles,611,mag(B),data/GEM_2444_0.0195_0_0.0195_2_particles_611_mag(B).vtu
GEM,2446,0.0195,0,0.0195,2,particles,611.5,mag(B),data/GEM_2446_0.0195_0_0.0195_2_particles_611.5_mag(B).vtu
GEM,2448,0.0195,0,0.0195,2,particles,612,mag(B),data/GEM_2448_0.0195_0_0.0195_2_particles_612_mag(B).vtu
GEM,2450,0.0195,0,0.0195,2,particles,612.5,mag(B),data/GEM_2450_0.0195_0_0.0195_2_particles_612.5_mag(B).vtu
GEM,2452,0.0195,0,0.0195,2,particles,613,mag(B),data/GEM_2452_0.0195_0_0.0195_2_particles_613_mag(B).vtu
GEM,2454,0.0195,0,0.0195,2,particles,613.5,mag(B),data/GEM_2454_0.0195_0_0.0195_2_particles_613.5_mag(B).vtu
GEM,2456,0.0195,0,0.0195,2,particles,614,mag(B),data/GEM_2456_0.0195_0_0.0195_2_particles_614_mag(B).vtu
GEM,2458,0.0195,0,0.0195,2,particles,614.5,mag(B),data/GEM_2458_0.0195_0_0.0195_2_particles_614.5_mag(B).vtu
GEM,2460,0.0195,0,0.0195,2,particles,615,mag(B),data/GEM_2460_0.0195_0_0.0195_2_particles_615_mag(B).vtu
GEM,2462,0.0195,0,0.0195,2,particles,615.5,mag(B),data/GEM_2462_0.0195_0_0.0195_2_particles_615.5_mag(B).vtu
GEM,2464,0.0195,0,0.0195,2,particles,616,mag(B),data/GEM_2464_0.0195_0_0.0195_2_particles_616_mag(B).vtu
GEM,2466,0.0195,0,0.0195,2,particles,616.5,mag(B),data/GEM_2466_0.0195_0_0.0195_2_particles_616.5_mag(B).vtu
GEM,2468,0.0195,0,0.0195,2,particles,617,mag(B),data/GEM_2468_0.0195_0_0.0195_2_particles_617_mag(B).vtu
GEM,2470,0.0195,0,0.0195,2,particles,617.5,mag(B),data/GEM_2470_0.0195_0_0.0195_2_particles_617.5_mag(B).vtu
GEM,2472,0.0195,0,0.0195,2,particles,618,mag(B),data/GEM_2472_0.0195_0_0.0195_2_particles_618_mag(B).vtu
GEM,2474,0.0195,0,0.0195,2,particles,618.5,mag(B),data/GEM_2474_0.0195_0_0.0195_2_particles_618.5_mag(B).vtu
GEM,2476,0.0195,0,0.0195,2,particles,619,mag(B),data/GEM_2476_0.0195_0_0.0195_2_particles_619_mag(B).vtu
GEM,2478,0.0195,0,0.0195,2,particles,619.5,mag(B),data/GEM_2478_0.0195_0_0.0195_2_particles_619.5_mag(B).vtu
GEM,2480,0.0195,0,0.0195,2,particles,620,mag(B),data/GEM_2480_0.0195_0_0.0195_2_particles_620_mag(B).vtu
GEM,2482,0.0195,0,0.0195,2,particles,620.5,mag(B),data/GEM_2482_0.0195_0_0.0195_2_particles_620.5_mag(B).vtu
GEM,2484,0.0195,0,0.0195,2,particles,621,mag(B),data/GEM_2484_0.0195_0_0.0195_2_particles_621_mag(B).vtu
GEM,2486,0.0195,0,0.0195,2,particles,621.5,mag(B),data/GEM_2486_0.0195_0_0.0195_2_particles_621.5_mag(B).vtu
GEM,2488,0.0195,0,0.0195,2,particles,622,mag(B),data/GEM_2488_0.0195_0_0.0195_2_particles_622_mag(B).vtu
GEM,2490,0.0195,0,0.0195,2,particles,622.5,mag(B),data/GEM_2490_0.0195_0_0.0195_2_particles_622.5_mag(B).vtu
GEM,2492,0.0195,0,0.0195,2,particles,623,mag(B),data/GEM_2492_0.0195_0_0.0195_2_particles_623_mag(B).vtu
GEM,2494,0.0195,0,0.0195,2,particles,623.5,mag(B),data/GEM_2494_0.0195_0_0.0195_2_particles_623.5_mag(B).vtu
GEM,2496,0.0195,0,0.0195,2,particles,624,mag(B),data/GEM_2496_0.0195_0_0.0195_2_particles_624_mag(B).vtu
GEM,2498,0.0195,0,0.0195,2,particles,624.5,mag(B),data/GEM_2498_0.0195_0_0.0195_2_particles_624.5_mag(B).vtu
GEM,2500,0.0195,0,0.0195,2,particles,625,mag(B),data/GEM_2500_0.0195_0_0.0195_2_particles_625_mag(B).vtu
GEM,2302,0.0195,0,0,2,particles,575.5,mag(B),data/GEM_2302_0.0195_0_0_2_particles_575.5_mag(B).vtu
GEM,2304,0.0195,0,0,2,particles,576,mag(B),data/GEM_2304_0.0195_0_0_2_particles_576_mag(B).vtu
GEM,2306,0.0195,0,0,2,particles,576.5,mag(B),data/GEM_2306_0.0195_0_0_2_particles_576.5_mag(B).vtu
GEM,2308,0.0195,0,0,2,particles,577,mag(B),data/GEM_2308_0.0195_0_0_2_particles_577_mag(B).vtu
GEM,2310,0.0195,0,0,2,particles,577.5,mag(B),data/GEM_2310_0.0195_0_0_2_particles_577.5_mag(B).vtu
GEM,2312,0.0195,0,0,2,particles,578,mag(B),data/GEM_2312_0.0195_0_0_2_particles_578_mag(B).vtu
GEM,2314,0.0195,0,0,2,particles,578.5,mag(B),data/GEM_2314_0.0195_0_0_2_particles_578.5_mag(B).vtu
GEM,2316,0.0195,0,0,2,particles,579,mag(B),data/GEM_2316_0.0195_0_0_2_particles_579_mag(B).vtu
GEM,2318,0.0195,0,0,2,particles,579.5,mag(B),data/GEM_2318_0.0195_0_0_2_particles_579.5_mag(B).vtu
GEM,2320,0.0195,0,0,2,particles,580,mag(B),data/GEM_2320_0.0195_0_0_2_particles_580_mag(B).vtu
GEM,2322,0.0195,0,0,2,particles,580.5,mag(B),data/GEM_2322_0.0195_0_0_2_particles_580.5_mag(B).vtu
GEM,2324,0.0195,0,0,2,particles,581,mag(B),data/GEM_2324_0.0195_0_0_2_particles_581_mag(B).vtu
GEM,2326,0.0195,0,0,2,particles,581.5,mag(B),data/GEM_2326_0.0195_0_0_2_particles_581.5_mag(B).vtu
GEM,2328,0.0195,0,0,2,particles,582,mag(B),data/GEM_2328_0.0195_0_0_2_particles_582_mag(B).vtu
GEM,2330,0.0195,0,0,2,particles,582.5,mag(B),data/GEM_2330_0.0195_0_0_2_particles_582.5_mag(B).vtu
GEM,2332,0.0195,0,0,2,particles,583,mag(B),data/GEM_2332_0.0195_0_0_2_particles_583_mag(B).vtu
GEM,2334,0.0195,0,0,2,particles,583.5,mag(B),data/GEM_2334_0.0195_0_0_2_particles_583.5_mag(B).vtu
GEM,2336,0.0195,0,0,2,particles,584,mag(B),data/GEM_2336_0.0195_0_0_2_particles_584_mag(B).vtu
GEM,2338,0.0195,0,0,2,particles,584.5,mag(B),data/GEM_2338_0.0195_0_0_2_particles_584.5_mag(B).vtu
GEM,2340,0.0195,0,0,2,particles,585,mag(B),data/GEM_2340_0.0195_0_0_2_particles_585_mag(B).vtu
GEM,2342,0.0195,0,0,2,particles,585.5,mag(B),data/GEM_2342_0.0195_0_0_2_particles_585.5_mag(B).vtu
GEM,2344,0.0195,0,0,2,particles,586,mag(B),data/GEM_2344_0.0195_0_0_2_particles_586_mag(B).vtu
GEM,2346,0.0195,0,0,2,particles,586.5,mag(B),data/GEM_2346_0.0195_0_0_2_particles_586.5_mag(B).vtu
GEM,2348,0.0195,0,0,2,particles,587,mag(B),data/GEM_2348_0.0195_0_0_2_particles_587_mag(B).vtu
GEM,2350,0.0195,0,0,2,particles,587.5,mag(B),data/GEM_2350_0.0195_0_0_2_particles_587.5_mag(B).vtu
GEM,2352,0.0195,0,0,2,particles,588,mag(B),data/GEM_2352_0.0195_0_0_2_particles_588_mag(B).vtu
GEM,2354,0.0195,0,0,2,particles,588.5,mag(B),data/GEM_2354_0.0195_0_0_2_particles_588.5_mag(B).vtu
GEM,2356,0.0195,0,0,2,particles,589,mag(B),data/GEM_2356_0.0195_0_0_2_particles_589_mag(B).vtu
GEM,2358,0.0195,0,0,2,particles,589.5,mag(B),data/GEM_2358_0.0195_0_0_2_particles_589.5_mag(B).vtu
GEM,2360,0.0195,0,0,2,particles,590,mag(B),data/GEM_2360_0.0195_0_0_2_particles_590_mag(B).vtu
GEM,2362,0.0195,0,0,2,particles,590.5,mag(B),data/GEM_2362_0.0195_0_0_2_particles_590.5_mag(B).vtu
GEM,2364,0.0195,0,0,2,particles,591,mag(B),data/GEM_2364_0.0195_0_0_2_particles_591_mag(B).vtu
GEM,2366,0.0195,0,0,2,particles,591.5,mag(B),data/GEM_2366_0.0195_0_0_2_particles_591.5_mag(B).vtu
GEM,2368,0.0195,0,0,2,particles,592,mag(B),data/GEM_2368_0.0195_0_0_2_particles_592_mag(B).vtu
GEM,2370,0.0195,0,0,2,particles,592.5,mag(B),data/GEM_2370_0.0195_0_0_2_particles_592.5_mag(B).vtu
GEM,2372,0.0195,0,0,2,particles,593,mag(B),data/GEM_2372_0.0195_0_0_2_particles_593_mag(B).vtu
GEM,2374,0.0195,0,0,2,particles,593.5,mag(B),data/GEM_2374_0.0195_0_0_2_particles_593.5_mag(B).vtu
GEM,2376,0.0195,0,0,2,particles,594,mag(B),data/GEM_2376_0.0195_0_0_2_particles_594_mag(B).vtu
GEM,2378,0.0195,0,0,2,particles,594.5,mag(B),data/GEM_2378_0.0195_0_0_2_particles_594.5_mag(B).vtu
GEM,2380,0.0195,0,0,2,particles,595,mag(B),data/GEM_2380_0.0195_0_0_2_particles_595_mag(B).vtu
GEM,2382,0.0195,0,0,2,particles,595.5,mag(B),data/GEM_2382_0.0195_0_0_2_particles_595.5_mag(B).vtu
GEM,2384,0.0195,0,0,2,particles,596,mag(B),data/GEM_2384_0.0195_0_0_2_particles_596_mag(B).vtu
GEM,2386,0.0195,0,0,2,particles,596.5,mag(B),data/GEM_2386_0.0195_0_0_2_particles_596.5_mag(B).vtu
GEM,2388,0.0195,0,0,2,particles,597,mag(B),data/GEM_2388_0.0195_0_0_2_particles_597_mag(B).vtu
GEM,2390,0.0195,0,0,2,particles,597.5,mag(B),data/GEM_2390_0.0195_0_0_2_particles_597.5_mag(B).vtu
GEM,2392,0.0195,0,0,2,particles,598,mag(B),data/GEM_2392_0.0195_0_0_2_particles_598_mag(B).vtu
GEM,2394,0.0195,0,0,2,particles,598.5,mag(B),data/GEM_2394_0.0195_0_0_2_particles_598.5_mag(B).vtu
GEM,2396,0.0195,0,0,2,particles,599,mag(B),data/GEM_2396_0.0195_0_0_2_particles_599_mag(B).vtu
GEM,2398,0.0195,0,0,2,particles,599.5,mag(B),data/GEM_2398_0.0195_0_0_2_particles_599.5_mag(B).vtu
GEM,2400,0.0195,0,0,2,particles,600,mag(B),data/GEM_2400_0.0195_0_0_2_particles_600_mag(B).vtu
GEM,2402,0.0195,0,0,2,particles,600.5,mag(B),data/GEM_2402_0.0195_0_0_2_particles_600.5_mag(B).vtu
GEM,2404,0.0195,0,0,2,particles,601,mag(B),data/GEM_2404_0.0195_0_0_2_particles_601_mag(B).vtu
GEM,2406,0.0195,0,0,2,particles,601.5,mag(B),data/GEM_2406_0.0195_0_0_2_particles_601.5_mag(B).vtu
GEM,2408,0.0195,0,0,2,particles,602,mag(B),data/GEM_2408_0.0195_0_0_2_particles_602_mag(B).vtu
GEM,2410,0.0195,0,0,2,particles,602.5,mag(B),data/GEM_2410_0.0195_0_0_2_particles_602.5_mag(B).vtu
GEM,2412,0.0195,0,0,2,particles,603,mag(B),data/GEM_2412_0.0195_0_0_2_particles_603_mag(B).vtu
GEM,2414,0.0195,0,0,2,particles,603.5,mag(B),data/GEM_2414_0.0195_0_0_2_particles_603.5_mag(B).vtu
GEM,2416,0.0195,0,0,2,particles,604,mag(B),data/GEM_2416_0.0195_0_0_2_particles_604_mag(B).vtu
GEM,2418,0.0195,0,0,2,particles,604.5,mag(B),data/GEM_2418_0.0195_0_0_2_particles_604.5_mag(B).vtu
GEM,2420,0.0195,0,0,2,particles,605,mag(B),data/GEM_2420_0.0195_0_0_2_particles_605_mag(B).vtu
GEM,2422,0.0195,0,0,2,particles,605.5,mag(B),data/GEM_2422_0.0195_0_0_2_particles_605.5_mag(B).vtu
GEM,2424,0.0195,0,0,2,particles,606,mag(B),data/GEM_2424_0.0195_0_0_2_particles_606_mag(B).vtu
GEM,2426,0.0195,0,0,2,particles,606.5,mag(B),data/GEM_2426_0.0195_0_0_2_particles_606.5_mag(B).vtu
GEM,2428,0.0195,0,0,2,particles,607,mag(B),data/GEM_2428_0.0195_0_0_2_particles_607_mag(B).vtu
GEM,2430,0.0195,0,0,2,particles,607.5,mag(B),data/GEM_2430_0.0195_0_0_2_particles_607.5_mag(B).vtu
GEM,2432,0.0195,0,0,2,particles,608,mag(B),data/GEM_2432_0.0195_0_0_2_particles_608_mag(B).vtu
GEM,2434,0.0195,0,0,2,particles,608.5,mag(B),data/GEM_2434_0.0195_0_0_2_particles_608.5_mag(B).vtu
GEM,2436,0.0195,0,0,2,particles,609,mag(B),data/GEM_2436_0.0195_0_0_2_particles_609_mag(B).vtu
GEM,2438,0.0195,0,0,2,particles,609.5,mag(B),data/GEM_2438_0.0195_0_0_2_particles_609.5_mag(B).vtu
GEM,2440,0.0195,0,0,2,particles,610,mag(B),data/GEM_2440_0.0195_0_0_2_particles_610_mag(B).vtu
GEM,2442,0.0195,0,0,2,particles,610.5,mag(B),data/GEM_2442_0.0195_0_0_2_particles_610.5_mag(B).vtu
GEM,2444,0.0195,0,0,2,particles,611,mag(B),data/GEM_2444_0.0195_0_0_2_particles_611_mag(B).vtu
GEM,2446,0.0195,0,0,2,particles,611.5,mag(B),data/GEM_2446_0.0195_0_0_2_particles_611.5_mag(B).vtu
GEM,2448,0.0195,0,0,2,particles,612,mag(B),data/GEM_2448_0.0195_0_0_2_particles_612_mag(B).vtu
GEM,2450,0.0195,0,0,2,particles,612.5,mag(B),data/GEM_2450_0.0195_0_0_2_particles_612.5_mag(B).vtu
GEM,2452,0.0195,0,0,2,particles,613,mag(B),data/GEM_2452_0.0195_0_0_2_particles_613_mag(B).vtu
GEM,2454,0.0195,0,0,2,particles,613.5,mag(B),data/GEM_2454_0.0195_0_0_2_particles_613.5_mag(B).vtu
GEM,2456,0.0195,0,0,2,particles,614,mag(B),data/GEM_2456_0.0195_0_0_2_particles_614_mag(B).vtu
GEM,2458,0.0195,0,0,2,particles,614.5,mag(B),data/GEM_2458_0.0195_0_0_2_particles_614.5_mag(B).vtu
GEM,2460,0.0195,0,0,2,particles,615,mag(B),data/GEM_2460_0.0195_0_0_2_particles_615_mag(B).vtu
GEM,2462,0.0195,0,0,2,particles,615.5,mag(B),data/GEM_2462_0.0195_0_0_2_particles_615.5_mag(B).vtu
GEM,2464,0.0195,0,0,2,particles,616,mag(B),data/GEM_2464_0.0195_0_0_2_particles_616_mag(B).vtu
GEM,2466,0.0195,0,0,2,particles,616.5,mag(B),data/GEM_2466_0.0195_0_0_2_particles_616.5_mag(B).vtu
GEM,2468,0.0195,0,0,2,particles,617,mag(B),data/GEM_2468_0.0195_0_0_2_particles_617_mag(B).vtu
GEM,2470,0.0195,0,0,2,particles,617.5,mag(B),data/GEM_2470_0.0195_0_0_2_particles_617.5_mag(B).vtu
GEM,2472,0.0195,0,0,2,particles,618,mag(B),data/GEM_2472_0.0195_0_0_2_particles_618_mag(B).vtu
GEM,2474,0.0195,0,0,2,particles,618.5,mag(B),data/GEM_2474_0.0195_0_0_2_particles_618.5_mag(B).vtu
GEM,2476,0.0195,0,0,2,particles,619,mag(B),data/GEM_2476_0.0195_0_0_2_particles_619_mag(B).vtu
GEM,2478,0.0195,0,0,2,particles,619.5,mag(B),data/GEM_2478_0.0195_0_0_2_particles_619.5_mag(B).vtu
GEM,2480,0.0195,0,0,2,particles,620,mag(B),data/GEM_2480_0.0195_0_0_2_particles_620_mag(B).vtu
GEM,2482,0.0195,0,0,2,particles,620.5,mag(B),data/GEM_2482_0.0195_0_0_2_particles_620.5_mag(B).vtu
GEM,2484,0.0195,0,0,2,particles,621,mag(B),data/GEM_2484_0.0195_0_0_2_particles_621_mag(B).vtu
GEM,2486,0.0195,0,0,2,particles,621.5,mag(B),data/GEM_2486_0.0195_0_0_2_particles_621.5_mag(B).vtu
GEM,2488,0.0195,0,0,2,particles,622,mag(B),data/GEM_2488_0.0195_0_0_2_particles_622_mag(B).vtu
GEM,2490,0.0195,0,0,2,particles,622.5,mag(B),data/GEM_2490_0.0195_0_0_2_particles_622.5_mag(B).vtu
GEM,2492,0.0195,0,0,2,particles,623,mag(B),data/GEM_2492_0.0195_0_0_2_particles_623_mag(B).vtu
GEM,2494,0.0195,0,0,2,particles,623.5,mag(B),data/GEM_2494_0.0195_0_0_2_particles_623.5_mag(B).vtu
GEM,2496,0.0195,0,0,2,particles,624,mag(B),data/GEM_2496_0.0195_0_0_2_particles_624_mag(B).vtu
GEM,2498,0.0195,0,0,2,particles,624.5,mag(B),data/GEM_2498_0.0195_0_0_2_particles_624.5_mag(B).vtu
GEM,2500,0.0195,0,0,2,particles,625,mag(B),data/GEM_2500_0.0195_0_0_2_particles_625_mag(B).vtu
