CaseName,TimeStep,B0x,B0y,B0z,ns,__CatalystChannel__,TimeValue,FILE
GEM,0,0.0195,0,0,4,particles,0,data/GEM_0_0.0195_0_0_4_particles_0.ttk
GEM,10,0.0195,0,0,4,particles,2.5,data/GEM_10_0.0195_0_0_4_particles_2.5.ttk
GEM,20,0.0195,0,0,4,particles,5,data/GEM_20_0.0195_0_0_4_particles_5.ttk
GEM,30,0.0195,0,0,4,particles,7.5,data/GEM_30_0.0195_0_0_4_particles_7.5.ttk
GEM,40,0.0195,0,0,4,particles,10,data/GEM_40_0.0195_0_0_4_particles_10.ttk
GEM,50,0.0195,0,0,4,particles,12.5,data/GEM_50_0.0195_0_0_4_particles_12.5.ttk
GEM,60,0.0195,0,0,4,particles,15,data/GEM_60_0.0195_0_0_4_particles_15.ttk
GEM,70,0.0195,0,0,4,particles,17.5,data/GEM_70_0.0195_0_0_4_particles_17.5.ttk
GEM,80,0.0195,0,0,4,particles,20,data/GEM_80_0.0195_0_0_4_particles_20.ttk
GEM,90,0.0195,0,0,4,particles,22.5,data/GEM_90_0.0195_0_0_4_particles_22.5.ttk
GEM,100,0.0195,0,0,4,particles,25,data/GEM_100_0.0195_0_0_4_particles_25.ttk
GEM,110,0.0195,0,0,4,particles,27.5,data/GEM_110_0.0195_0_0_4_particles_27.5.ttk
GEM,120,0.0195,0,0,4,particles,30,data/GEM_120_0.0195_0_0_4_particles_30.ttk
GEM,130,0.0195,0,0,4,particles,32.5,data/GEM_130_0.0195_0_0_4_particles_32.5.ttk
GEM,140,0.0195,0,0,4,particles,35,data/GEM_140_0.0195_0_0_4_particles_35.ttk
GEM,150,0.0195,0,0,4,particles,37.5,data/GEM_150_0.0195_0_0_4_particles_37.5.ttk
GEM,160,0.0195,0,0,4,particles,40,data/GEM_160_0.0195_0_0_4_particles_40.ttk
GEM,170,0.0195,0,0,4,particles,42.5,data/GEM_170_0.0195_0_0_4_particles_42.5.ttk
GEM,180,0.0195,0,0,4,particles,45,data/GEM_180_0.0195_0_0_4_particles_45.ttk
GEM,190,0.0195,0,0,4,particles,47.5,data/GEM_190_0.0195_0_0_4_particles_47.5.ttk
GEM,200,0.0195,0,0,4,particles,50,data/GEM_200_0.0195_0_0_4_particles_50.ttk
GEM,210,0.0195,0,0,4,particles,52.5,data/GEM_210_0.0195_0_0_4_particles_52.5.ttk
GEM,220,0.0195,0,0,4,particles,55,data/GEM_220_0.0195_0_0_4_particles_55.ttk
GEM,230,0.0195,0,0,4,particles,57.5,data/GEM_230_0.0195_0_0_4_particles_57.5.ttk
GEM,240,0.0195,0,0,4,particles,60,data/GEM_240_0.0195_0_0_4_particles_60.ttk
GEM,250,0.0195,0,0,4,particles,62.5,data/GEM_250_0.0195_0_0_4_particles_62.5.ttk
GEM,260,0.0195,0,0,4,particles,65,data/GEM_260_0.0195_0_0_4_particles_65.ttk
GEM,270,0.0195,0,0,4,particles,67.5,data/GEM_270_0.0195_0_0_4_particles_67.5.ttk
GEM,280,0.0195,0,0,4,particles,70,data/GEM_280_0.0195_0_0_4_particles_70.ttk
GEM,290,0.0195,0,0,4,particles,72.5,data/GEM_290_0.0195_0_0_4_particles_72.5.ttk
GEM,300,0.0195,0,0,4,particles,75,data/GEM_300_0.0195_0_0_4_particles_75.ttk
GEM,310,0.0195,0,0,4,particles,77.5,data/GEM_310_0.0195_0_0_4_particles_77.5.ttk
GEM,320,0.0195,0,0,4,particles,80,data/GEM_320_0.0195_0_0_4_particles_80.ttk
GEM,330,0.0195,0,0,4,particles,82.5,data/GEM_330_0.0195_0_0_4_particles_82.5.ttk
GEM,340,0.0195,0,0,4,particles,85,data/GEM_340_0.0195_0_0_4_particles_85.ttk
GEM,350,0.0195,0,0,4,particles,87.5,data/GEM_350_0.0195_0_0_4_particles_87.5.ttk
GEM,360,0.0195,0,0,4,particles,90,data/GEM_360_0.0195_0_0_4_particles_90.ttk
GEM,370,0.0195,0,0,4,particles,92.5,data/GEM_370_0.0195_0_0_4_particles_92.5.ttk
GEM,380,0.0195,0,0,4,particles,95,data/GEM_380_0.0195_0_0_4_particles_95.ttk
GEM,390,0.0195,0,0,4,particles,97.5,data/GEM_390_0.0195_0_0_4_particles_97.5.ttk
GEM,400,0.0195,0,0,4,particles,100,data/GEM_400_0.0195_0_0_4_particles_100.ttk
GEM,410,0.0195,0,0,4,particles,102.5,data/GEM_410_0.0195_0_0_4_particles_102.5.ttk
GEM,420,0.0195,0,0,4,particles,105,data/GEM_420_0.0195_0_0_4_particles_105.ttk
GEM,430,0.0195,0,0,4,particles,107.5,data/GEM_430_0.0195_0_0_4_particles_107.5.ttk
GEM,440,0.0195,0,0,4,particles,110,data/GEM_440_0.0195_0_0_4_particles_110.ttk
GEM,450,0.0195,0,0,4,particles,112.5,data/GEM_450_0.0195_0_0_4_particles_112.5.ttk
GEM,460,0.0195,0,0,4,particles,115,data/GEM_460_0.0195_0_0_4_particles_115.ttk
GEM,470,0.0195,0,0,4,particles,117.5,data/GEM_470_0.0195_0_0_4_particles_117.5.ttk
GEM,480,0.0195,0,0,4,particles,120,data/GEM_480_0.0195_0_0_4_particles_120.ttk
GEM,490,0.0195,0,0,4,particles,122.5,data/GEM_490_0.0195_0_0_4_particles_122.5.ttk
GEM,500,0.0195,0,0,4,particles,125,data/GEM_500_0.0195_0_0_4_particles_125.ttk
GEM,510,0.0195,0,0,4,particles,127.5,data/GEM_510_0.0195_0_0_4_particles_127.5.ttk
GEM,520,0.0195,0,0,4,particles,130,data/GEM_520_0.0195_0_0_4_particles_130.ttk
GEM,530,0.0195,0,0,4,particles,132.5,data/GEM_530_0.0195_0_0_4_particles_132.5.ttk
GEM,540,0.0195,0,0,4,particles,135,data/GEM_540_0.0195_0_0_4_particles_135.ttk
GEM,550,0.0195,0,0,4,particles,137.5,data/GEM_550_0.0195_0_0_4_particles_137.5.ttk
GEM,560,0.0195,0,0,4,particles,140,data/GEM_560_0.0195_0_0_4_particles_140.ttk
GEM,570,0.0195,0,0,4,particles,142.5,data/GEM_570_0.0195_0_0_4_particles_142.5.ttk
GEM,580,0.0195,0,0,4,particles,145,data/GEM_580_0.0195_0_0_4_particles_145.ttk
GEM,590,0.0195,0,0,4,particles,147.5,data/GEM_590_0.0195_0_0_4_particles_147.5.ttk
GEM,600,0.0195,0,0,4,particles,150,data/GEM_600_0.0195_0_0_4_particles_150.ttk
GEM,610,0.0195,0,0,4,particles,152.5,data/GEM_610_0.0195_0_0_4_particles_152.5.ttk
GEM,620,0.0195,0,0,4,particles,155,data/GEM_620_0.0195_0_0_4_particles_155.ttk
GEM,630,0.0195,0,0,4,particles,157.5,data/GEM_630_0.0195_0_0_4_particles_157.5.ttk
GEM,640,0.0195,0,0,4,particles,160,data/GEM_640_0.0195_0_0_4_particles_160.ttk
GEM,650,0.0195,0,0,4,particles,162.5,data/GEM_650_0.0195_0_0_4_particles_162.5.ttk
GEM,660,0.0195,0,0,4,particles,165,data/GEM_660_0.0195_0_0_4_particles_165.ttk
GEM,670,0.0195,0,0,4,particles,167.5,data/GEM_670_0.0195_0_0_4_particles_167.5.ttk
GEM,680,0.0195,0,0,4,particles,170,data/GEM_680_0.0195_0_0_4_particles_170.ttk
GEM,690,0.0195,0,0,4,particles,172.5,data/GEM_690_0.0195_0_0_4_particles_172.5.ttk
GEM,700,0.0195,0,0,4,particles,175,data/GEM_700_0.0195_0_0_4_particles_175.ttk
GEM,710,0.0195,0,0,4,particles,177.5,data/GEM_710_0.0195_0_0_4_particles_177.5.ttk
GEM,720,0.0195,0,0,4,particles,180,data/GEM_720_0.0195_0_0_4_particles_180.ttk
GEM,730,0.0195,0,0,4,particles,182.5,data/GEM_730_0.0195_0_0_4_particles_182.5.ttk
GEM,740,0.0195,0,0,4,particles,185,data/GEM_740_0.0195_0_0_4_particles_185.ttk
GEM,750,0.0195,0,0,4,particles,187.5,data/GEM_750_0.0195_0_0_4_particles_187.5.ttk
GEM,760,0.0195,0,0,4,particles,190,data/GEM_760_0.0195_0_0_4_particles_190.ttk
GEM,770,0.0195,0,0,4,particles,192.5,data/GEM_770_0.0195_0_0_4_particles_192.5.ttk
GEM,780,0.0195,0,0,4,particles,195,data/GEM_780_0.0195_0_0_4_particles_195.ttk
GEM,790,0.0195,0,0,4,particles,197.5,data/GEM_790_0.0195_0_0_4_particles_197.5.ttk
GEM,800,0.0195,0,0,4,particles,200,data/GEM_800_0.0195_0_0_4_particles_200.ttk
GEM,810,0.0195,0,0,4,particles,202.5,data/GEM_810_0.0195_0_0_4_particles_202.5.ttk
GEM,820,0.0195,0,0,4,particles,205,data/GEM_820_0.0195_0_0_4_particles_205.ttk
GEM,830,0.0195,0,0,4,particles,207.5,data/GEM_830_0.0195_0_0_4_particles_207.5.ttk
GEM,840,0.0195,0,0,4,particles,210,data/GEM_840_0.0195_0_0_4_particles_210.ttk
GEM,850,0.0195,0,0,4,particles,212.5,data/GEM_850_0.0195_0_0_4_particles_212.5.ttk
GEM,860,0.0195,0,0,4,particles,215,data/GEM_860_0.0195_0_0_4_particles_215.ttk
GEM,870,0.0195,0,0,4,particles,217.5,data/GEM_870_0.0195_0_0_4_particles_217.5.ttk
GEM,880,0.0195,0,0,4,particles,220,data/GEM_880_0.0195_0_0_4_particles_220.ttk
GEM,890,0.0195,0,0,4,particles,222.5,data/GEM_890_0.0195_0_0_4_particles_222.5.ttk
GEM,900,0.0195,0,0,4,particles,225,data/GEM_900_0.0195_0_0_4_particles_225.ttk
GEM,910,0.0195,0,0,4,particles,227.5,data/GEM_910_0.0195_0_0_4_particles_227.5.ttk
GEM,920,0.0195,0,0,4,particles,230,data/GEM_920_0.0195_0_0_4_particles_230.ttk
GEM,930,0.0195,0,0,4,particles,232.5,data/GEM_930_0.0195_0_0_4_particles_232.5.ttk
GEM,940,0.0195,0,0,4,particles,235,data/GEM_940_0.0195_0_0_4_particles_235.ttk
GEM,950,0.0195,0,0,4,particles,237.5,data/GEM_950_0.0195_0_0_4_particles_237.5.ttk
GEM,960,0.0195,0,0,4,particles,240,data/GEM_960_0.0195_0_0_4_particles_240.ttk
GEM,970,0.0195,0,0,4,particles,242.5,data/GEM_970_0.0195_0_0_4_particles_242.5.ttk
GEM,980,0.0195,0,0,4,particles,245,data/GEM_980_0.0195_0_0_4_particles_245.ttk
GEM,990,0.0195,0,0,4,particles,247.5,data/GEM_990_0.0195_0_0_4_particles_247.5.ttk
GEM,1000,0.0195,0,0,4,particles,250,data/GEM_1000_0.0195_0_0_4_particles_250.ttk
GEM,1010,0.0195,0,0,4,particles,252.5,data/GEM_1010_0.0195_0_0_4_particles_252.5.ttk
GEM,1020,0.0195,0,0,4,particles,255,data/GEM_1020_0.0195_0_0_4_particles_255.ttk
GEM,1030,0.0195,0,0,4,particles,257.5,data/GEM_1030_0.0195_0_0_4_particles_257.5.ttk
GEM,1040,0.0195,0,0,4,particles,260,data/GEM_1040_0.0195_0_0_4_particles_260.ttk
GEM,1050,0.0195,0,0,4,particles,262.5,data/GEM_1050_0.0195_0_0_4_particles_262.5.ttk
GEM,1060,0.0195,0,0,4,particles,265,data/GEM_1060_0.0195_0_0_4_particles_265.ttk
GEM,1070,0.0195,0,0,4,particles,267.5,data/GEM_1070_0.0195_0_0_4_particles_267.5.ttk
GEM,1080,0.0195,0,0,4,particles,270,data/GEM_1080_0.0195_0_0_4_particles_270.ttk
GEM,1090,0.0195,0,0,4,particles,272.5,data/GEM_1090_0.0195_0_0_4_particles_272.5.ttk
GEM,1100,0.0195,0,0,4,particles,275,data/GEM_1100_0.0195_0_0_4_particles_275.ttk
GEM,1110,0.0195,0,0,4,particles,277.5,data/GEM_1110_0.0195_0_0_4_particles_277.5.ttk
GEM,1120,0.0195,0,0,4,particles,280,data/GEM_1120_0.0195_0_0_4_particles_280.ttk
GEM,1130,0.0195,0,0,4,particles,282.5,data/GEM_1130_0.0195_0_0_4_particles_282.5.ttk
GEM,1140,0.0195,0,0,4,particles,285,data/GEM_1140_0.0195_0_0_4_particles_285.ttk
GEM,1150,0.0195,0,0,4,particles,287.5,data/GEM_1150_0.0195_0_0_4_particles_287.5.ttk
GEM,1160,0.0195,0,0,4,particles,290,data/GEM_1160_0.0195_0_0_4_particles_290.ttk
GEM,1170,0.0195,0,0,4,particles,292.5,data/GEM_1170_0.0195_0_0_4_particles_292.5.ttk
GEM,1180,0.0195,0,0,4,particles,295,data/GEM_1180_0.0195_0_0_4_particles_295.ttk
GEM,1190,0.0195,0,0,4,particles,297.5,data/GEM_1190_0.0195_0_0_4_particles_297.5.ttk
GEM,1200,0.0195,0,0,4,particles,300,data/GEM_1200_0.0195_0_0_4_particles_300.ttk
GEM,1210,0.0195,0,0,4,particles,302.5,data/GEM_1210_0.0195_0_0_4_particles_302.5.ttk
GEM,1220,0.0195,0,0,4,particles,305,data/GEM_1220_0.0195_0_0_4_particles_305.ttk
GEM,1230,0.0195,0,0,4,particles,307.5,data/GEM_1230_0.0195_0_0_4_particles_307.5.ttk
GEM,1240,0.0195,0,0,4,particles,310,data/GEM_1240_0.0195_0_0_4_particles_310.ttk
GEM,1250,0.0195,0,0,4,particles,312.5,data/GEM_1250_0.0195_0_0_4_particles_312.5.ttk
GEM,1260,0.0195,0,0,4,particles,315,data/GEM_1260_0.0195_0_0_4_particles_315.ttk
GEM,1270,0.0195,0,0,4,particles,317.5,data/GEM_1270_0.0195_0_0_4_particles_317.5.ttk
GEM,1280,0.0195,0,0,4,particles,320,data/GEM_1280_0.0195_0_0_4_particles_320.ttk
GEM,1290,0.0195,0,0,4,particles,322.5,data/GEM_1290_0.0195_0_0_4_particles_322.5.ttk
GEM,1300,0.0195,0,0,4,particles,325,data/GEM_1300_0.0195_0_0_4_particles_325.ttk
GEM,1310,0.0195,0,0,4,particles,327.5,data/GEM_1310_0.0195_0_0_4_particles_327.5.ttk
GEM,1320,0.0195,0,0,4,particles,330,data/GEM_1320_0.0195_0_0_4_particles_330.ttk
GEM,1330,0.0195,0,0,4,particles,332.5,data/GEM_1330_0.0195_0_0_4_particles_332.5.ttk
GEM,1340,0.0195,0,0,4,particles,335,data/GEM_1340_0.0195_0_0_4_particles_335.ttk
GEM,1350,0.0195,0,0,4,particles,337.5,data/GEM_1350_0.0195_0_0_4_particles_337.5.ttk
GEM,1360,0.0195,0,0,4,particles,340,data/GEM_1360_0.0195_0_0_4_particles_340.ttk
GEM,1370,0.0195,0,0,4,particles,342.5,data/GEM_1370_0.0195_0_0_4_particles_342.5.ttk
GEM,1380,0.0195,0,0,4,particles,345,data/GEM_1380_0.0195_0_0_4_particles_345.ttk
GEM,1390,0.0195,0,0,4,particles,347.5,data/GEM_1390_0.0195_0_0_4_particles_347.5.ttk
GEM,1400,0.0195,0,0,4,particles,350,data/GEM_1400_0.0195_0_0_4_particles_350.ttk
GEM,1410,0.0195,0,0,4,particles,352.5,data/GEM_1410_0.0195_0_0_4_particles_352.5.ttk
GEM,1420,0.0195,0,0,4,particles,355,data/GEM_1420_0.0195_0_0_4_particles_355.ttk
GEM,1430,0.0195,0,0,4,particles,357.5,data/GEM_1430_0.0195_0_0_4_particles_357.5.ttk
GEM,1440,0.0195,0,0,4,particles,360,data/GEM_1440_0.0195_0_0_4_particles_360.ttk
GEM,1450,0.0195,0,0,4,particles,362.5,data/GEM_1450_0.0195_0_0_4_particles_362.5.ttk
GEM,1460,0.0195,0,0,4,particles,365,data/GEM_1460_0.0195_0_0_4_particles_365.ttk
GEM,1470,0.0195,0,0,4,particles,367.5,data/GEM_1470_0.0195_0_0_4_particles_367.5.ttk
GEM,1480,0.0195,0,0,4,particles,370,data/GEM_1480_0.0195_0_0_4_particles_370.ttk
GEM,1490,0.0195,0,0,4,particles,372.5,data/GEM_1490_0.0195_0_0_4_particles_372.5.ttk
GEM,1500,0.0195,0,0,4,particles,375,data/GEM_1500_0.0195_0_0_4_particles_375.ttk
GEM,1510,0.0195,0,0,4,particles,377.5,data/GEM_1510_0.0195_0_0_4_particles_377.5.ttk
GEM,1520,0.0195,0,0,4,particles,380,data/GEM_1520_0.0195_0_0_4_particles_380.ttk
GEM,1530,0.0195,0,0,4,particles,382.5,data/GEM_1530_0.0195_0_0_4_particles_382.5.ttk
GEM,1540,0.0195,0,0,4,particles,385,data/GEM_1540_0.0195_0_0_4_particles_385.ttk
GEM,1550,0.0195,0,0,4,particles,387.5,data/GEM_1550_0.0195_0_0_4_particles_387.5.ttk
GEM,1560,0.0195,0,0,4,particles,390,data/GEM_1560_0.0195_0_0_4_particles_390.ttk
GEM,1570,0.0195,0,0,4,particles,392.5,data/GEM_1570_0.0195_0_0_4_particles_392.5.ttk
GEM,1580,0.0195,0,0,4,particles,395,data/GEM_1580_0.0195_0_0_4_particles_395.ttk
GEM,1590,0.0195,0,0,4,particles,397.5,data/GEM_1590_0.0195_0_0_4_particles_397.5.ttk
GEM,1600,0.0195,0,0,4,particles,400,data/GEM_1600_0.0195_0_0_4_particles_400.ttk
GEM,1610,0.0195,0,0,4,particles,402.5,data/GEM_1610_0.0195_0_0_4_particles_402.5.ttk
GEM,1620,0.0195,0,0,4,particles,405,data/GEM_1620_0.0195_0_0_4_particles_405.ttk
GEM,1630,0.0195,0,0,4,particles,407.5,data/GEM_1630_0.0195_0_0_4_particles_407.5.ttk
GEM,1640,0.0195,0,0,4,particles,410,data/GEM_1640_0.0195_0_0_4_particles_410.ttk
GEM,1650,0.0195,0,0,4,particles,412.5,data/GEM_1650_0.0195_0_0_4_particles_412.5.ttk
GEM,1660,0.0195,0,0,4,particles,415,data/GEM_1660_0.0195_0_0_4_particles_415.ttk
GEM,1670,0.0195,0,0,4,particles,417.5,data/GEM_1670_0.0195_0_0_4_particles_417.5.ttk
GEM,1680,0.0195,0,0,4,particles,420,data/GEM_1680_0.0195_0_0_4_particles_420.ttk
GEM,1690,0.0195,0,0,4,particles,422.5,data/GEM_1690_0.0195_0_0_4_particles_422.5.ttk
GEM,1700,0.0195,0,0,4,particles,425,data/GEM_1700_0.0195_0_0_4_particles_425.ttk
GEM,1710,0.0195,0,0,4,particles,427.5,data/GEM_1710_0.0195_0_0_4_particles_427.5.ttk
GEM,1720,0.0195,0,0,4,particles,430,data/GEM_1720_0.0195_0_0_4_particles_430.ttk
GEM,1730,0.0195,0,0,4,particles,432.5,data/GEM_1730_0.0195_0_0_4_particles_432.5.ttk
GEM,1740,0.0195,0,0,4,particles,435,data/GEM_1740_0.0195_0_0_4_particles_435.ttk
GEM,1750,0.0195,0,0,4,particles,437.5,data/GEM_1750_0.0195_0_0_4_particles_437.5.ttk
GEM,1760,0.0195,0,0,4,particles,440,data/GEM_1760_0.0195_0_0_4_particles_440.ttk
GEM,1770,0.0195,0,0,4,particles,442.5,data/GEM_1770_0.0195_0_0_4_particles_442.5.ttk
GEM,1780,0.0195,0,0,4,particles,445,data/GEM_1780_0.0195_0_0_4_particles_445.ttk
GEM,1790,0.0195,0,0,4,particles,447.5,data/GEM_1790_0.0195_0_0_4_particles_447.5.ttk
GEM,1800,0.0195,0,0,4,particles,450,data/GEM_1800_0.0195_0_0_4_particles_450.ttk
GEM,1810,0.0195,0,0,4,particles,452.5,data/GEM_1810_0.0195_0_0_4_particles_452.5.ttk
GEM,1820,0.0195,0,0,4,particles,455,data/GEM_1820_0.0195_0_0_4_particles_455.ttk
GEM,1830,0.0195,0,0,4,particles,457.5,data/GEM_1830_0.0195_0_0_4_particles_457.5.ttk
GEM,1840,0.0195,0,0,4,particles,460,data/GEM_1840_0.0195_0_0_4_particles_460.ttk
GEM,1850,0.0195,0,0,4,particles,462.5,data/GEM_1850_0.0195_0_0_4_particles_462.5.ttk
GEM,1860,0.0195,0,0,4,particles,465,data/GEM_1860_0.0195_0_0_4_particles_465.ttk
GEM,1870,0.0195,0,0,4,particles,467.5,data/GEM_1870_0.0195_0_0_4_particles_467.5.ttk
GEM,1880,0.0195,0,0,4,particles,470,data/GEM_1880_0.0195_0_0_4_particles_470.ttk
GEM,1890,0.0195,0,0,4,particles,472.5,data/GEM_1890_0.0195_0_0_4_particles_472.5.ttk
GEM,1900,0.0195,0,0,4,particles,475,data/GEM_1900_0.0195_0_0_4_particles_475.ttk
GEM,1910,0.0195,0,0,4,particles,477.5,data/GEM_1910_0.0195_0_0_4_particles_477.5.ttk
GEM,1920,0.0195,0,0,4,particles,480,data/GEM_1920_0.0195_0_0_4_particles_480.ttk
GEM,1930,0.0195,0,0,4,particles,482.5,data/GEM_1930_0.0195_0_0_4_particles_482.5.ttk
GEM,1940,0.0195,0,0,4,particles,485,data/GEM_1940_0.0195_0_0_4_particles_485.ttk
GEM,1950,0.0195,0,0,4,particles,487.5,data/GEM_1950_0.0195_0_0_4_particles_487.5.ttk
GEM,1960,0.0195,0,0,4,particles,490,data/GEM_1960_0.0195_0_0_4_particles_490.ttk
GEM,1970,0.0195,0,0,4,particles,492.5,data/GEM_1970_0.0195_0_0_4_particles_492.5.ttk
GEM,1980,0.0195,0,0,4,particles,495,data/GEM_1980_0.0195_0_0_4_particles_495.ttk
GEM,1990,0.0195,0,0,4,particles,497.5,data/GEM_1990_0.0195_0_0_4_particles_497.5.ttk
GEM,2000,0.0195,0,0,4,particles,500,data/GEM_2000_0.0195_0_0_4_particles_500.ttk
GEM,2010,0.0195,0,0,4,particles,502.5,data/GEM_2010_0.0195_0_0_4_particles_502.5.ttk
GEM,2020,0.0195,0,0,4,particles,505,data/GEM_2020_0.0195_0_0_4_particles_505.ttk
GEM,2030,0.0195,0,0,4,particles,507.5,data/GEM_2030_0.0195_0_0_4_particles_507.5.ttk
GEM,2040,0.0195,0,0,4,particles,510,data/GEM_2040_0.0195_0_0_4_particles_510.ttk
GEM,2050,0.0195,0,0,4,particles,512.5,data/GEM_2050_0.0195_0_0_4_particles_512.5.ttk
GEM,2060,0.0195,0,0,4,particles,515,data/GEM_2060_0.0195_0_0_4_particles_515.ttk
GEM,2070,0.0195,0,0,4,particles,517.5,data/GEM_2070_0.0195_0_0_4_particles_517.5.ttk
GEM,2080,0.0195,0,0,4,particles,520,data/GEM_2080_0.0195_0_0_4_particles_520.ttk
GEM,2090,0.0195,0,0,4,particles,522.5,data/GEM_2090_0.0195_0_0_4_particles_522.5.ttk
GEM,2100,0.0195,0,0,4,particles,525,data/GEM_2100_0.0195_0_0_4_particles_525.ttk
GEM,2110,0.0195,0,0,4,particles,527.5,data/GEM_2110_0.0195_0_0_4_particles_527.5.ttk
GEM,2120,0.0195,0,0,4,particles,530,data/GEM_2120_0.0195_0_0_4_particles_530.ttk
GEM,2130,0.0195,0,0,4,particles,532.5,data/GEM_2130_0.0195_0_0_4_particles_532.5.ttk
GEM,2140,0.0195,0,0,4,particles,535,data/GEM_2140_0.0195_0_0_4_particles_535.ttk
GEM,2150,0.0195,0,0,4,particles,537.5,data/GEM_2150_0.0195_0_0_4_particles_537.5.ttk
GEM,2160,0.0195,0,0,4,particles,540,data/GEM_2160_0.0195_0_0_4_particles_540.ttk
GEM,2170,0.0195,0,0,4,particles,542.5,data/GEM_2170_0.0195_0_0_4_particles_542.5.ttk
GEM,2180,0.0195,0,0,4,particles,545,data/GEM_2180_0.0195_0_0_4_particles_545.ttk
GEM,2190,0.0195,0,0,4,particles,547.5,data/GEM_2190_0.0195_0_0_4_particles_547.5.ttk
GEM,2200,0.0195,0,0,4,particles,550,data/GEM_2200_0.0195_0_0_4_particles_550.ttk
GEM,2210,0.0195,0,0,4,particles,552.5,data/GEM_2210_0.0195_0_0_4_particles_552.5.ttk
GEM,2220,0.0195,0,0,4,particles,555,data/GEM_2220_0.0195_0_0_4_particles_555.ttk
GEM,2230,0.0195,0,0,4,particles,557.5,data/GEM_2230_0.0195_0_0_4_particles_557.5.ttk
GEM,2240,0.0195,0,0,4,particles,560,data/GEM_2240_0.0195_0_0_4_particles_560.ttk
GEM,2250,0.0195,0,0,4,particles,562.5,data/GEM_2250_0.0195_0_0_4_particles_562.5.ttk
GEM,2260,0.0195,0,0,4,particles,565,data/GEM_2260_0.0195_0_0_4_particles_565.ttk
GEM,2270,0.0195,0,0,4,particles,567.5,data/GEM_2270_0.0195_0_0_4_particles_567.5.ttk
GEM,2280,0.0195,0,0,4,particles,570,data/GEM_2280_0.0195_0_0_4_particles_570.ttk
GEM,2290,0.0195,0,0,4,particles,572.5,data/GEM_2290_0.0195_0_0_4_particles_572.5.ttk
GEM,2300,0.0195,0,0,4,particles,575,data/GEM_2300_0.0195_0_0_4_particles_575.ttk
GEM,2310,0.0195,0,0,4,particles,577.5,data/GEM_2310_0.0195_0_0_4_particles_577.5.ttk
GEM,2320,0.0195,0,0,4,particles,580,data/GEM_2320_0.0195_0_0_4_particles_580.ttk
GEM,2330,0.0195,0,0,4,particles,582.5,data/GEM_2330_0.0195_0_0_4_particles_582.5.ttk
GEM,2340,0.0195,0,0,4,particles,585,data/GEM_2340_0.0195_0_0_4_particles_585.ttk
GEM,2350,0.0195,0,0,4,particles,587.5,data/GEM_2350_0.0195_0_0_4_particles_587.5.ttk
GEM,2360,0.0195,0,0,4,particles,590,data/GEM_2360_0.0195_0_0_4_particles_590.ttk
GEM,2370,0.0195,0,0,4,particles,592.5,data/GEM_2370_0.0195_0_0_4_particles_592.5.ttk
GEM,2380,0.0195,0,0,4,particles,595,data/GEM_2380_0.0195_0_0_4_particles_595.ttk
GEM,2390,0.0195,0,0,4,particles,597.5,data/GEM_2390_0.0195_0_0_4_particles_597.5.ttk
GEM,2400,0.0195,0,0,4,particles,600,data/GEM_2400_0.0195_0_0_4_particles_600.ttk
GEM,2410,0.0195,0,0,4,particles,602.5,data/GEM_2410_0.0195_0_0_4_particles_602.5.ttk
GEM,2420,0.0195,0,0,4,particles,605,data/GEM_2420_0.0195_0_0_4_particles_605.ttk
GEM,2430,0.0195,0,0,4,particles,607.5,data/GEM_2430_0.0195_0_0_4_particles_607.5.ttk
GEM,2440,0.0195,0,0,4,particles,610,data/GEM_2440_0.0195_0_0_4_particles_610.ttk
GEM,2450,0.0195,0,0,4,particles,612.5,data/GEM_2450_0.0195_0_0_4_particles_612.5.ttk
GEM,2460,0.0195,0,0,4,particles,615,data/GEM_2460_0.0195_0_0_4_particles_615.ttk
GEM,2470,0.0195,0,0,4,particles,617.5,data/GEM_2470_0.0195_0_0_4_particles_617.5.ttk
GEM,2480,0.0195,0,0,4,particles,620,data/GEM_2480_0.0195_0_0_4_particles_620.ttk
GEM,2490,0.0195,0,0,4,particles,622.5,data/GEM_2490_0.0195_0_0_4_particles_622.5.ttk
GEM,2500,0.0195,0,0,4,particles,625,data/GEM_2500_0.0195_0_0_4_particles_625.ttk
GEM,0,0.0195,0,0.0195,4,particles,0,data/GEM_0_0.0195_0_0.0195_4_particles_0.ttk
GEM,10,0.0195,0,0.0195,4,particles,2.5,data/GEM_10_0.0195_0_0.0195_4_particles_2.5.ttk
GEM,20,0.0195,0,0.0195,4,particles,5,data/GEM_20_0.0195_0_0.0195_4_particles_5.ttk
GEM,30,0.0195,0,0.0195,4,particles,7.5,data/GEM_30_0.0195_0_0.0195_4_particles_7.5.ttk
GEM,40,0.0195,0,0.0195,4,particles,10,data/GEM_40_0.0195_0_0.0195_4_particles_10.ttk
GEM,50,0.0195,0,0.0195,4,particles,12.5,data/GEM_50_0.0195_0_0.0195_4_particles_12.5.ttk
GEM,60,0.0195,0,0.0195,4,particles,15,data/GEM_60_0.0195_0_0.0195_4_particles_15.ttk
GEM,70,0.0195,0,0.0195,4,particles,17.5,data/GEM_70_0.0195_0_0.0195_4_particles_17.5.ttk
GEM,80,0.0195,0,0.0195,4,particles,20,data/GEM_80_0.0195_0_0.0195_4_particles_20.ttk
GEM,90,0.0195,0,0.0195,4,particles,22.5,data/GEM_90_0.0195_0_0.0195_4_particles_22.5.ttk
GEM,100,0.0195,0,0.0195,4,particles,25,data/GEM_100_0.0195_0_0.0195_4_particles_25.ttk
GEM,110,0.0195,0,0.0195,4,particles,27.5,data/GEM_110_0.0195_0_0.0195_4_particles_27.5.ttk
GEM,120,0.0195,0,0.0195,4,particles,30,data/GEM_120_0.0195_0_0.0195_4_particles_30.ttk
GEM,130,0.0195,0,0.0195,4,particles,32.5,data/GEM_130_0.0195_0_0.0195_4_particles_32.5.ttk
GEM,140,0.0195,0,0.0195,4,particles,35,data/GEM_140_0.0195_0_0.0195_4_particles_35.ttk
GEM,150,0.0195,0,0.0195,4,particles,37.5,data/GEM_150_0.0195_0_0.0195_4_particles_37.5.ttk
GEM,160,0.0195,0,0.0195,4,particles,40,data/GEM_160_0.0195_0_0.0195_4_particles_40.ttk
GEM,170,0.0195,0,0.0195,4,particles,42.5,data/GEM_170_0.0195_0_0.0195_4_particles_42.5.ttk
GEM,180,0.0195,0,0.0195,4,particles,45,data/GEM_180_0.0195_0_0.0195_4_particles_45.ttk
GEM,190,0.0195,0,0.0195,4,particles,47.5,data/GEM_190_0.0195_0_0.0195_4_particles_47.5.ttk
GEM,200,0.0195,0,0.0195,4,particles,50,data/GEM_200_0.0195_0_0.0195_4_particles_50.ttk
GEM,210,0.0195,0,0.0195,4,particles,52.5,data/GEM_210_0.0195_0_0.0195_4_particles_52.5.ttk
GEM,220,0.0195,0,0.0195,4,particles,55,data/GEM_220_0.0195_0_0.0195_4_particles_55.ttk
GEM,230,0.0195,0,0.0195,4,particles,57.5,data/GEM_230_0.0195_0_0.0195_4_particles_57.5.ttk
GEM,240,0.0195,0,0.0195,4,particles,60,data/GEM_240_0.0195_0_0.0195_4_particles_60.ttk
GEM,250,0.0195,0,0.0195,4,particles,62.5,data/GEM_250_0.0195_0_0.0195_4_particles_62.5.ttk
GEM,260,0.0195,0,0.0195,4,particles,65,data/GEM_260_0.0195_0_0.0195_4_particles_65.ttk
GEM,270,0.0195,0,0.0195,4,particles,67.5,data/GEM_270_0.0195_0_0.0195_4_particles_67.5.ttk
GEM,280,0.0195,0,0.0195,4,particles,70,data/GEM_280_0.0195_0_0.0195_4_particles_70.ttk
GEM,290,0.0195,0,0.0195,4,particles,72.5,data/GEM_290_0.0195_0_0.0195_4_particles_72.5.ttk
GEM,300,0.0195,0,0.0195,4,particles,75,data/GEM_300_0.0195_0_0.0195_4_particles_75.ttk
GEM,310,0.0195,0,0.0195,4,particles,77.5,data/GEM_310_0.0195_0_0.0195_4_particles_77.5.ttk
GEM,320,0.0195,0,0.0195,4,particles,80,data/GEM_320_0.0195_0_0.0195_4_particles_80.ttk
GEM,330,0.0195,0,0.0195,4,particles,82.5,data/GEM_330_0.0195_0_0.0195_4_particles_82.5.ttk
GEM,340,0.0195,0,0.0195,4,particles,85,data/GEM_340_0.0195_0_0.0195_4_particles_85.ttk
GEM,350,0.0195,0,0.0195,4,particles,87.5,data/GEM_350_0.0195_0_0.0195_4_particles_87.5.ttk
GEM,360,0.0195,0,0.0195,4,particles,90,data/GEM_360_0.0195_0_0.0195_4_particles_90.ttk
GEM,370,0.0195,0,0.0195,4,particles,92.5,data/GEM_370_0.0195_0_0.0195_4_particles_92.5.ttk
GEM,380,0.0195,0,0.0195,4,particles,95,data/GEM_380_0.0195_0_0.0195_4_particles_95.ttk
GEM,390,0.0195,0,0.0195,4,particles,97.5,data/GEM_390_0.0195_0_0.0195_4_particles_97.5.ttk
GEM,400,0.0195,0,0.0195,4,particles,100,data/GEM_400_0.0195_0_0.0195_4_particles_100.ttk
GEM,410,0.0195,0,0.0195,4,particles,102.5,data/GEM_410_0.0195_0_0.0195_4_particles_102.5.ttk
GEM,420,0.0195,0,0.0195,4,particles,105,data/GEM_420_0.0195_0_0.0195_4_particles_105.ttk
GEM,430,0.0195,0,0.0195,4,particles,107.5,data/GEM_430_0.0195_0_0.0195_4_particles_107.5.ttk
GEM,440,0.0195,0,0.0195,4,particles,110,data/GEM_440_0.0195_0_0.0195_4_particles_110.ttk
GEM,450,0.0195,0,0.0195,4,particles,112.5,data/GEM_450_0.0195_0_0.0195_4_particles_112.5.ttk
GEM,460,0.0195,0,0.0195,4,particles,115,data/GEM_460_0.0195_0_0.0195_4_particles_115.ttk
GEM,470,0.0195,0,0.0195,4,particles,117.5,data/GEM_470_0.0195_0_0.0195_4_particles_117.5.ttk
GEM,480,0.0195,0,0.0195,4,particles,120,data/GEM_480_0.0195_0_0.0195_4_particles_120.ttk
GEM,490,0.0195,0,0.0195,4,particles,122.5,data/GEM_490_0.0195_0_0.0195_4_particles_122.5.ttk
GEM,500,0.0195,0,0.0195,4,particles,125,data/GEM_500_0.0195_0_0.0195_4_particles_125.ttk
GEM,510,0.0195,0,0.0195,4,particles,127.5,data/GEM_510_0.0195_0_0.0195_4_particles_127.5.ttk
GEM,520,0.0195,0,0.0195,4,particles,130,data/GEM_520_0.0195_0_0.0195_4_particles_130.ttk
GEM,530,0.0195,0,0.0195,4,particles,132.5,data/GEM_530_0.0195_0_0.0195_4_particles_132.5.ttk
GEM,540,0.0195,0,0.0195,4,particles,135,data/GEM_540_0.0195_0_0.0195_4_particles_135.ttk
GEM,550,0.0195,0,0.0195,4,particles,137.5,data/GEM_550_0.0195_0_0.0195_4_particles_137.5.ttk
GEM,560,0.0195,0,0.0195,4,particles,140,data/GEM_560_0.0195_0_0.0195_4_particles_140.ttk
GEM,570,0.0195,0,0.0195,4,particles,142.5,data/GEM_570_0.0195_0_0.0195_4_particles_142.5.ttk
GEM,580,0.0195,0,0.0195,4,particles,145,data/GEM_580_0.0195_0_0.0195_4_particles_145.ttk
GEM,590,0.0195,0,0.0195,4,particles,147.5,data/GEM_590_0.0195_0_0.0195_4_particles_147.5.ttk
GEM,600,0.0195,0,0.0195,4,particles,150,data/GEM_600_0.0195_0_0.0195_4_particles_150.ttk
GEM,610,0.0195,0,0.0195,4,particles,152.5,data/GEM_610_0.0195_0_0.0195_4_particles_152.5.ttk
GEM,620,0.0195,0,0.0195,4,particles,155,data/GEM_620_0.0195_0_0.0195_4_particles_155.ttk
GEM,630,0.0195,0,0.0195,4,particles,157.5,data/GEM_630_0.0195_0_0.0195_4_particles_157.5.ttk
GEM,640,0.0195,0,0.0195,4,particles,160,data/GEM_640_0.0195_0_0.0195_4_particles_160.ttk
GEM,650,0.0195,0,0.0195,4,particles,162.5,data/GEM_650_0.0195_0_0.0195_4_particles_162.5.ttk
GEM,660,0.0195,0,0.0195,4,particles,165,data/GEM_660_0.0195_0_0.0195_4_particles_165.ttk
GEM,670,0.0195,0,0.0195,4,particles,167.5,data/GEM_670_0.0195_0_0.0195_4_particles_167.5.ttk
GEM,680,0.0195,0,0.0195,4,particles,170,data/GEM_680_0.0195_0_0.0195_4_particles_170.ttk
GEM,690,0.0195,0,0.0195,4,particles,172.5,data/GEM_690_0.0195_0_0.0195_4_particles_172.5.ttk
GEM,700,0.0195,0,0.0195,4,particles,175,data/GEM_700_0.0195_0_0.0195_4_particles_175.ttk
GEM,710,0.0195,0,0.0195,4,particles,177.5,data/GEM_710_0.0195_0_0.0195_4_particles_177.5.ttk
GEM,720,0.0195,0,0.0195,4,particles,180,data/GEM_720_0.0195_0_0.0195_4_particles_180.ttk
GEM,730,0.0195,0,0.0195,4,particles,182.5,data/GEM_730_0.0195_0_0.0195_4_particles_182.5.ttk
GEM,740,0.0195,0,0.0195,4,particles,185,data/GEM_740_0.0195_0_0.0195_4_particles_185.ttk
GEM,750,0.0195,0,0.0195,4,particles,187.5,data/GEM_750_0.0195_0_0.0195_4_particles_187.5.ttk
GEM,760,0.0195,0,0.0195,4,particles,190,data/GEM_760_0.0195_0_0.0195_4_particles_190.ttk
GEM,770,0.0195,0,0.0195,4,particles,192.5,data/GEM_770_0.0195_0_0.0195_4_particles_192.5.ttk
GEM,780,0.0195,0,0.0195,4,particles,195,data/GEM_780_0.0195_0_0.0195_4_particles_195.ttk
GEM,790,0.0195,0,0.0195,4,particles,197.5,data/GEM_790_0.0195_0_0.0195_4_particles_197.5.ttk
GEM,800,0.0195,0,0.0195,4,particles,200,data/GEM_800_0.0195_0_0.0195_4_particles_200.ttk
GEM,810,0.0195,0,0.0195,4,particles,202.5,data/GEM_810_0.0195_0_0.0195_4_particles_202.5.ttk
GEM,820,0.0195,0,0.0195,4,particles,205,data/GEM_820_0.0195_0_0.0195_4_particles_205.ttk
GEM,830,0.0195,0,0.0195,4,particles,207.5,data/GEM_830_0.0195_0_0.0195_4_particles_207.5.ttk
GEM,840,0.0195,0,0.0195,4,particles,210,data/GEM_840_0.0195_0_0.0195_4_particles_210.ttk
GEM,850,0.0195,0,0.0195,4,particles,212.5,data/GEM_850_0.0195_0_0.0195_4_particles_212.5.ttk
GEM,860,0.0195,0,0.0195,4,particles,215,data/GEM_860_0.0195_0_0.0195_4_particles_215.ttk
GEM,870,0.0195,0,0.0195,4,particles,217.5,data/GEM_870_0.0195_0_0.0195_4_particles_217.5.ttk
GEM,880,0.0195,0,0.0195,4,particles,220,data/GEM_880_0.0195_0_0.0195_4_particles_220.ttk
GEM,890,0.0195,0,0.0195,4,particles,222.5,data/GEM_890_0.0195_0_0.0195_4_particles_222.5.ttk
GEM,900,0.0195,0,0.0195,4,particles,225,data/GEM_900_0.0195_0_0.0195_4_particles_225.ttk
GEM,910,0.0195,0,0.0195,4,particles,227.5,data/GEM_910_0.0195_0_0.0195_4_particles_227.5.ttk
GEM,920,0.0195,0,0.0195,4,particles,230,data/GEM_920_0.0195_0_0.0195_4_particles_230.ttk
GEM,930,0.0195,0,0.0195,4,particles,232.5,data/GEM_930_0.0195_0_0.0195_4_particles_232.5.ttk
GEM,940,0.0195,0,0.0195,4,particles,235,data/GEM_940_0.0195_0_0.0195_4_particles_235.ttk
GEM,950,0.0195,0,0.0195,4,particles,237.5,data/GEM_950_0.0195_0_0.0195_4_particles_237.5.ttk
GEM,960,0.0195,0,0.0195,4,particles,240,data/GEM_960_0.0195_0_0.0195_4_particles_240.ttk
GEM,970,0.0195,0,0.0195,4,particles,242.5,data/GEM_970_0.0195_0_0.0195_4_particles_242.5.ttk
GEM,980,0.0195,0,0.0195,4,particles,245,data/GEM_980_0.0195_0_0.0195_4_particles_245.ttk
GEM,990,0.0195,0,0.0195,4,particles,247.5,data/GEM_990_0.0195_0_0.0195_4_particles_247.5.ttk
GEM,1000,0.0195,0,0.0195,4,particles,250,data/GEM_1000_0.0195_0_0.0195_4_particles_250.ttk
GEM,1010,0.0195,0,0.0195,4,particles,252.5,data/GEM_1010_0.0195_0_0.0195_4_particles_252.5.ttk
GEM,1020,0.0195,0,0.0195,4,particles,255,data/GEM_1020_0.0195_0_0.0195_4_particles_255.ttk
GEM,1030,0.0195,0,0.0195,4,particles,257.5,data/GEM_1030_0.0195_0_0.0195_4_particles_257.5.ttk
GEM,1040,0.0195,0,0.0195,4,particles,260,data/GEM_1040_0.0195_0_0.0195_4_particles_260.ttk
GEM,1050,0.0195,0,0.0195,4,particles,262.5,data/GEM_1050_0.0195_0_0.0195_4_particles_262.5.ttk
GEM,1060,0.0195,0,0.0195,4,particles,265,data/GEM_1060_0.0195_0_0.0195_4_particles_265.ttk
GEM,1070,0.0195,0,0.0195,4,particles,267.5,data/GEM_1070_0.0195_0_0.0195_4_particles_267.5.ttk
GEM,1080,0.0195,0,0.0195,4,particles,270,data/GEM_1080_0.0195_0_0.0195_4_particles_270.ttk
GEM,1090,0.0195,0,0.0195,4,particles,272.5,data/GEM_1090_0.0195_0_0.0195_4_particles_272.5.ttk
GEM,1100,0.0195,0,0.0195,4,particles,275,data/GEM_1100_0.0195_0_0.0195_4_particles_275.ttk
GEM,1110,0.0195,0,0.0195,4,particles,277.5,data/GEM_1110_0.0195_0_0.0195_4_particles_277.5.ttk
GEM,1120,0.0195,0,0.0195,4,particles,280,data/GEM_1120_0.0195_0_0.0195_4_particles_280.ttk
GEM,1130,0.0195,0,0.0195,4,particles,282.5,data/GEM_1130_0.0195_0_0.0195_4_particles_282.5.ttk
GEM,1140,0.0195,0,0.0195,4,particles,285,data/GEM_1140_0.0195_0_0.0195_4_particles_285.ttk
GEM,1150,0.0195,0,0.0195,4,particles,287.5,data/GEM_1150_0.0195_0_0.0195_4_particles_287.5.ttk
GEM,1160,0.0195,0,0.0195,4,particles,290,data/GEM_1160_0.0195_0_0.0195_4_particles_290.ttk
GEM,1170,0.0195,0,0.0195,4,particles,292.5,data/GEM_1170_0.0195_0_0.0195_4_particles_292.5.ttk
GEM,1180,0.0195,0,0.0195,4,particles,295,data/GEM_1180_0.0195_0_0.0195_4_particles_295.ttk
GEM,1190,0.0195,0,0.0195,4,particles,297.5,data/GEM_1190_0.0195_0_0.0195_4_particles_297.5.ttk
GEM,1200,0.0195,0,0.0195,4,particles,300,data/GEM_1200_0.0195_0_0.0195_4_particles_300.ttk
GEM,1210,0.0195,0,0.0195,4,particles,302.5,data/GEM_1210_0.0195_0_0.0195_4_particles_302.5.ttk
GEM,1220,0.0195,0,0.0195,4,particles,305,data/GEM_1220_0.0195_0_0.0195_4_particles_305.ttk
GEM,1230,0.0195,0,0.0195,4,particles,307.5,data/GEM_1230_0.0195_0_0.0195_4_particles_307.5.ttk
GEM,1240,0.0195,0,0.0195,4,particles,310,data/GEM_1240_0.0195_0_0.0195_4_particles_310.ttk
GEM,1250,0.0195,0,0.0195,4,particles,312.5,data/GEM_1250_0.0195_0_0.0195_4_particles_312.5.ttk
GEM,1260,0.0195,0,0.0195,4,particles,315,data/GEM_1260_0.0195_0_0.0195_4_particles_315.ttk
GEM,1270,0.0195,0,0.0195,4,particles,317.5,data/GEM_1270_0.0195_0_0.0195_4_particles_317.5.ttk
GEM,1280,0.0195,0,0.0195,4,particles,320,data/GEM_1280_0.0195_0_0.0195_4_particles_320.ttk
GEM,1290,0.0195,0,0.0195,4,particles,322.5,data/GEM_1290_0.0195_0_0.0195_4_particles_322.5.ttk
GEM,1300,0.0195,0,0.0195,4,particles,325,data/GEM_1300_0.0195_0_0.0195_4_particles_325.ttk
GEM,1310,0.0195,0,0.0195,4,particles,327.5,data/GEM_1310_0.0195_0_0.0195_4_particles_327.5.ttk
GEM,1320,0.0195,0,0.0195,4,particles,330,data/GEM_1320_0.0195_0_0.0195_4_particles_330.ttk
GEM,1330,0.0195,0,0.0195,4,particles,332.5,data/GEM_1330_0.0195_0_0.0195_4_particles_332.5.ttk
GEM,1340,0.0195,0,0.0195,4,particles,335,data/GEM_1340_0.0195_0_0.0195_4_particles_335.ttk
GEM,1350,0.0195,0,0.0195,4,particles,337.5,data/GEM_1350_0.0195_0_0.0195_4_particles_337.5.ttk
GEM,1360,0.0195,0,0.0195,4,particles,340,data/GEM_1360_0.0195_0_0.0195_4_particles_340.ttk
GEM,1370,0.0195,0,0.0195,4,particles,342.5,data/GEM_1370_0.0195_0_0.0195_4_particles_342.5.ttk
GEM,1380,0.0195,0,0.0195,4,particles,345,data/GEM_1380_0.0195_0_0.0195_4_particles_345.ttk
GEM,1390,0.0195,0,0.0195,4,particles,347.5,data/GEM_1390_0.0195_0_0.0195_4_particles_347.5.ttk
GEM,1400,0.0195,0,0.0195,4,particles,350,data/GEM_1400_0.0195_0_0.0195_4_particles_350.ttk
GEM,1410,0.0195,0,0.0195,4,particles,352.5,data/GEM_1410_0.0195_0_0.0195_4_particles_352.5.ttk
GEM,1420,0.0195,0,0.0195,4,particles,355,data/GEM_1420_0.0195_0_0.0195_4_particles_355.ttk
GEM,1430,0.0195,0,0.0195,4,particles,357.5,data/GEM_1430_0.0195_0_0.0195_4_particles_357.5.ttk
GEM,1440,0.0195,0,0.0195,4,particles,360,data/GEM_1440_0.0195_0_0.0195_4_particles_360.ttk
GEM,1450,0.0195,0,0.0195,4,particles,362.5,data/GEM_1450_0.0195_0_0.0195_4_particles_362.5.ttk
GEM,1460,0.0195,0,0.0195,4,particles,365,data/GEM_1460_0.0195_0_0.0195_4_particles_365.ttk
GEM,1470,0.0195,0,0.0195,4,particles,367.5,data/GEM_1470_0.0195_0_0.0195_4_particles_367.5.ttk
GEM,1480,0.0195,0,0.0195,4,particles,370,data/GEM_1480_0.0195_0_0.0195_4_particles_370.ttk
GEM,1490,0.0195,0,0.0195,4,particles,372.5,data/GEM_1490_0.0195_0_0.0195_4_particles_372.5.ttk
GEM,1500,0.0195,0,0.0195,4,particles,375,data/GEM_1500_0.0195_0_0.0195_4_particles_375.ttk
GEM,1510,0.0195,0,0.0195,4,particles,377.5,data/GEM_1510_0.0195_0_0.0195_4_particles_377.5.ttk
GEM,1520,0.0195,0,0.0195,4,particles,380,data/GEM_1520_0.0195_0_0.0195_4_particles_380.ttk
GEM,1530,0.0195,0,0.0195,4,particles,382.5,data/GEM_1530_0.0195_0_0.0195_4_particles_382.5.ttk
GEM,1540,0.0195,0,0.0195,4,particles,385,data/GEM_1540_0.0195_0_0.0195_4_particles_385.ttk
GEM,1550,0.0195,0,0.0195,4,particles,387.5,data/GEM_1550_0.0195_0_0.0195_4_particles_387.5.ttk
GEM,1560,0.0195,0,0.0195,4,particles,390,data/GEM_1560_0.0195_0_0.0195_4_particles_390.ttk
GEM,1570,0.0195,0,0.0195,4,particles,392.5,data/GEM_1570_0.0195_0_0.0195_4_particles_392.5.ttk
GEM,1580,0.0195,0,0.0195,4,particles,395,data/GEM_1580_0.0195_0_0.0195_4_particles_395.ttk
GEM,1590,0.0195,0,0.0195,4,particles,397.5,data/GEM_1590_0.0195_0_0.0195_4_particles_397.5.ttk
GEM,1600,0.0195,0,0.0195,4,particles,400,data/GEM_1600_0.0195_0_0.0195_4_particles_400.ttk
GEM,1610,0.0195,0,0.0195,4,particles,402.5,data/GEM_1610_0.0195_0_0.0195_4_particles_402.5.ttk
GEM,1620,0.0195,0,0.0195,4,particles,405,data/GEM_1620_0.0195_0_0.0195_4_particles_405.ttk
GEM,1630,0.0195,0,0.0195,4,particles,407.5,data/GEM_1630_0.0195_0_0.0195_4_particles_407.5.ttk
GEM,1640,0.0195,0,0.0195,4,particles,410,data/GEM_1640_0.0195_0_0.0195_4_particles_410.ttk
GEM,1650,0.0195,0,0.0195,4,particles,412.5,data/GEM_1650_0.0195_0_0.0195_4_particles_412.5.ttk
GEM,1660,0.0195,0,0.0195,4,particles,415,data/GEM_1660_0.0195_0_0.0195_4_particles_415.ttk
GEM,1670,0.0195,0,0.0195,4,particles,417.5,data/GEM_1670_0.0195_0_0.0195_4_particles_417.5.ttk
GEM,1680,0.0195,0,0.0195,4,particles,420,data/GEM_1680_0.0195_0_0.0195_4_particles_420.ttk
GEM,1690,0.0195,0,0.0195,4,particles,422.5,data/GEM_1690_0.0195_0_0.0195_4_particles_422.5.ttk
GEM,1700,0.0195,0,0.0195,4,particles,425,data/GEM_1700_0.0195_0_0.0195_4_particles_425.ttk
GEM,1710,0.0195,0,0.0195,4,particles,427.5,data/GEM_1710_0.0195_0_0.0195_4_particles_427.5.ttk
GEM,1720,0.0195,0,0.0195,4,particles,430,data/GEM_1720_0.0195_0_0.0195_4_particles_430.ttk
GEM,1730,0.0195,0,0.0195,4,particles,432.5,data/GEM_1730_0.0195_0_0.0195_4_particles_432.5.ttk
GEM,1740,0.0195,0,0.0195,4,particles,435,data/GEM_1740_0.0195_0_0.0195_4_particles_435.ttk
GEM,1750,0.0195,0,0.0195,4,particles,437.5,data/GEM_1750_0.0195_0_0.0195_4_particles_437.5.ttk
GEM,1760,0.0195,0,0.0195,4,particles,440,data/GEM_1760_0.0195_0_0.0195_4_particles_440.ttk
GEM,1770,0.0195,0,0.0195,4,particles,442.5,data/GEM_1770_0.0195_0_0.0195_4_particles_442.5.ttk
GEM,1780,0.0195,0,0.0195,4,particles,445,data/GEM_1780_0.0195_0_0.0195_4_particles_445.ttk
GEM,1790,0.0195,0,0.0195,4,particles,447.5,data/GEM_1790_0.0195_0_0.0195_4_particles_447.5.ttk
GEM,1800,0.0195,0,0.0195,4,particles,450,data/GEM_1800_0.0195_0_0.0195_4_particles_450.ttk
GEM,1810,0.0195,0,0.0195,4,particles,452.5,data/GEM_1810_0.0195_0_0.0195_4_particles_452.5.ttk
GEM,1820,0.0195,0,0.0195,4,particles,455,data/GEM_1820_0.0195_0_0.0195_4_particles_455.ttk
GEM,1830,0.0195,0,0.0195,4,particles,457.5,data/GEM_1830_0.0195_0_0.0195_4_particles_457.5.ttk
GEM,1840,0.0195,0,0.0195,4,particles,460,data/GEM_1840_0.0195_0_0.0195_4_particles_460.ttk
GEM,1850,0.0195,0,0.0195,4,particles,462.5,data/GEM_1850_0.0195_0_0.0195_4_particles_462.5.ttk
GEM,1860,0.0195,0,0.0195,4,particles,465,data/GEM_1860_0.0195_0_0.0195_4_particles_465.ttk
GEM,1870,0.0195,0,0.0195,4,particles,467.5,data/GEM_1870_0.0195_0_0.0195_4_particles_467.5.ttk
GEM,1880,0.0195,0,0.0195,4,particles,470,data/GEM_1880_0.0195_0_0.0195_4_particles_470.ttk
GEM,1890,0.0195,0,0.0195,4,particles,472.5,data/GEM_1890_0.0195_0_0.0195_4_particles_472.5.ttk
GEM,1900,0.0195,0,0.0195,4,particles,475,data/GEM_1900_0.0195_0_0.0195_4_particles_475.ttk
GEM,1910,0.0195,0,0.0195,4,particles,477.5,data/GEM_1910_0.0195_0_0.0195_4_particles_477.5.ttk
GEM,1920,0.0195,0,0.0195,4,particles,480,data/GEM_1920_0.0195_0_0.0195_4_particles_480.ttk
GEM,1930,0.0195,0,0.0195,4,particles,482.5,data/GEM_1930_0.0195_0_0.0195_4_particles_482.5.ttk
GEM,1940,0.0195,0,0.0195,4,particles,485,data/GEM_1940_0.0195_0_0.0195_4_particles_485.ttk
GEM,1950,0.0195,0,0.0195,4,particles,487.5,data/GEM_1950_0.0195_0_0.0195_4_particles_487.5.ttk
GEM,1960,0.0195,0,0.0195,4,particles,490,data/GEM_1960_0.0195_0_0.0195_4_particles_490.ttk
GEM,1970,0.0195,0,0.0195,4,particles,492.5,data/GEM_1970_0.0195_0_0.0195_4_particles_492.5.ttk
GEM,1980,0.0195,0,0.0195,4,particles,495,data/GEM_1980_0.0195_0_0.0195_4_particles_495.ttk
GEM,1990,0.0195,0,0.0195,4,particles,497.5,data/GEM_1990_0.0195_0_0.0195_4_particles_497.5.ttk
GEM,2000,0.0195,0,0.0195,4,particles,500,data/GEM_2000_0.0195_0_0.0195_4_particles_500.ttk
GEM,2010,0.0195,0,0.0195,4,particles,502.5,data/GEM_2010_0.0195_0_0.0195_4_particles_502.5.ttk
GEM,2020,0.0195,0,0.0195,4,particles,505,data/GEM_2020_0.0195_0_0.0195_4_particles_505.ttk
GEM,2030,0.0195,0,0.0195,4,particles,507.5,data/GEM_2030_0.0195_0_0.0195_4_particles_507.5.ttk
GEM,2040,0.0195,0,0.0195,4,particles,510,data/GEM_2040_0.0195_0_0.0195_4_particles_510.ttk
GEM,2050,0.0195,0,0.0195,4,particles,512.5,data/GEM_2050_0.0195_0_0.0195_4_particles_512.5.ttk
GEM,2060,0.0195,0,0.0195,4,particles,515,data/GEM_2060_0.0195_0_0.0195_4_particles_515.ttk
GEM,2070,0.0195,0,0.0195,4,particles,517.5,data/GEM_2070_0.0195_0_0.0195_4_particles_517.5.ttk
GEM,2080,0.0195,0,0.0195,4,particles,520,data/GEM_2080_0.0195_0_0.0195_4_particles_520.ttk
GEM,2090,0.0195,0,0.0195,4,particles,522.5,data/GEM_2090_0.0195_0_0.0195_4_particles_522.5.ttk
GEM,2100,0.0195,0,0.0195,4,particles,525,data/GEM_2100_0.0195_0_0.0195_4_particles_525.ttk
GEM,2110,0.0195,0,0.0195,4,particles,527.5,data/GEM_2110_0.0195_0_0.0195_4_particles_527.5.ttk
GEM,2120,0.0195,0,0.0195,4,particles,530,data/GEM_2120_0.0195_0_0.0195_4_particles_530.ttk
GEM,2130,0.0195,0,0.0195,4,particles,532.5,data/GEM_2130_0.0195_0_0.0195_4_particles_532.5.ttk
GEM,2140,0.0195,0,0.0195,4,particles,535,data/GEM_2140_0.0195_0_0.0195_4_particles_535.ttk
GEM,2150,0.0195,0,0.0195,4,particles,537.5,data/GEM_2150_0.0195_0_0.0195_4_particles_537.5.ttk
GEM,2160,0.0195,0,0.0195,4,particles,540,data/GEM_2160_0.0195_0_0.0195_4_particles_540.ttk
GEM,2170,0.0195,0,0.0195,4,particles,542.5,data/GEM_2170_0.0195_0_0.0195_4_particles_542.5.ttk
GEM,2180,0.0195,0,0.0195,4,particles,545,data/GEM_2180_0.0195_0_0.0195_4_particles_545.ttk
GEM,2190,0.0195,0,0.0195,4,particles,547.5,data/GEM_2190_0.0195_0_0.0195_4_particles_547.5.ttk
GEM,2200,0.0195,0,0.0195,4,particles,550,data/GEM_2200_0.0195_0_0.0195_4_particles_550.ttk
GEM,2210,0.0195,0,0.0195,4,particles,552.5,data/GEM_2210_0.0195_0_0.0195_4_particles_552.5.ttk
GEM,2220,0.0195,0,0.0195,4,particles,555,data/GEM_2220_0.0195_0_0.0195_4_particles_555.ttk
GEM,2230,0.0195,0,0.0195,4,particles,557.5,data/GEM_2230_0.0195_0_0.0195_4_particles_557.5.ttk
GEM,2240,0.0195,0,0.0195,4,particles,560,data/GEM_2240_0.0195_0_0.0195_4_particles_560.ttk
GEM,2250,0.0195,0,0.0195,4,particles,562.5,data/GEM_2250_0.0195_0_0.0195_4_particles_562.5.ttk
GEM,2260,0.0195,0,0.0195,4,particles,565,data/GEM_2260_0.0195_0_0.0195_4_particles_565.ttk
GEM,2270,0.0195,0,0.0195,4,particles,567.5,data/GEM_2270_0.0195_0_0.0195_4_particles_567.5.ttk
GEM,2280,0.0195,0,0.0195,4,particles,570,data/GEM_2280_0.0195_0_0.0195_4_particles_570.ttk
GEM,2290,0.0195,0,0.0195,4,particles,572.5,data/GEM_2290_0.0195_0_0.0195_4_particles_572.5.ttk
GEM,2300,0.0195,0,0.0195,4,particles,575,data/GEM_2300_0.0195_0_0.0195_4_particles_575.ttk
GEM,2310,0.0195,0,0.0195,4,particles,577.5,data/GEM_2310_0.0195_0_0.0195_4_particles_577.5.ttk
GEM,2320,0.0195,0,0.0195,4,particles,580,data/GEM_2320_0.0195_0_0.0195_4_particles_580.ttk
GEM,2330,0.0195,0,0.0195,4,particles,582.5,data/GEM_2330_0.0195_0_0.0195_4_particles_582.5.ttk
GEM,2340,0.0195,0,0.0195,4,particles,585,data/GEM_2340_0.0195_0_0.0195_4_particles_585.ttk
GEM,2350,0.0195,0,0.0195,4,particles,587.5,data/GEM_2350_0.0195_0_0.0195_4_particles_587.5.ttk
GEM,2360,0.0195,0,0.0195,4,particles,590,data/GEM_2360_0.0195_0_0.0195_4_particles_590.ttk
GEM,2370,0.0195,0,0.0195,4,particles,592.5,data/GEM_2370_0.0195_0_0.0195_4_particles_592.5.ttk
GEM,2380,0.0195,0,0.0195,4,particles,595,data/GEM_2380_0.0195_0_0.0195_4_particles_595.ttk
GEM,2390,0.0195,0,0.0195,4,particles,597.5,data/GEM_2390_0.0195_0_0.0195_4_particles_597.5.ttk
GEM,2400,0.0195,0,0.0195,4,particles,600,data/GEM_2400_0.0195_0_0.0195_4_particles_600.ttk
GEM,2410,0.0195,0,0.0195,4,particles,602.5,data/GEM_2410_0.0195_0_0.0195_4_particles_602.5.ttk
GEM,2420,0.0195,0,0.0195,4,particles,605,data/GEM_2420_0.0195_0_0.0195_4_particles_605.ttk
GEM,2430,0.0195,0,0.0195,4,particles,607.5,data/GEM_2430_0.0195_0_0.0195_4_particles_607.5.ttk
GEM,2440,0.0195,0,0.0195,4,particles,610,data/GEM_2440_0.0195_0_0.0195_4_particles_610.ttk
GEM,2450,0.0195,0,0.0195,4,particles,612.5,data/GEM_2450_0.0195_0_0.0195_4_particles_612.5.ttk
GEM,2460,0.0195,0,0.0195,4,particles,615,data/GEM_2460_0.0195_0_0.0195_4_particles_615.ttk
GEM,2470,0.0195,0,0.0195,4,particles,617.5,data/GEM_2470_0.0195_0_0.0195_4_particles_617.5.ttk
GEM,2480,0.0195,0,0.0195,4,particles,620,data/GEM_2480_0.0195_0_0.0195_4_particles_620.ttk
GEM,2490,0.0195,0,0.0195,4,particles,622.5,data/GEM_2490_0.0195_0_0.0195_4_particles_622.5.ttk
GEM,2500,0.0195,0,0.0195,4,particles,625,data/GEM_2500_0.0195_0_0.0195_4_particles_625.ttk
GEM,0,0.0195,0,0.0195,2,particles,0,data/GEM_0_0.0195_0_0.0195_2_particles_0.ttk
GEM,10,0.0195,0,0.0195,2,particles,2.5,data/GEM_10_0.0195_0_0.0195_2_particles_2.5.ttk
GEM,20,0.0195,0,0.0195,2,particles,5,data/GEM_20_0.0195_0_0.0195_2_particles_5.ttk
GEM,30,0.0195,0,0.0195,2,particles,7.5,data/GEM_30_0.0195_0_0.0195_2_particles_7.5.ttk
GEM,40,0.0195,0,0.0195,2,particles,10,data/GEM_40_0.0195_0_0.0195_2_particles_10.ttk
GEM,50,0.0195,0,0.0195,2,particles,12.5,data/GEM_50_0.0195_0_0.0195_2_particles_12.5.ttk
GEM,60,0.0195,0,0.0195,2,particles,15,data/GEM_60_0.0195_0_0.0195_2_particles_15.ttk
GEM,70,0.0195,0,0.0195,2,particles,17.5,data/GEM_70_0.0195_0_0.0195_2_particles_17.5.ttk
GEM,80,0.0195,0,0.0195,2,particles,20,data/GEM_80_0.0195_0_0.0195_2_particles_20.ttk
GEM,90,0.0195,0,0.0195,2,particles,22.5,data/GEM_90_0.0195_0_0.0195_2_particles_22.5.ttk
GEM,100,0.0195,0,0.0195,2,particles,25,data/GEM_100_0.0195_0_0.0195_2_particles_25.ttk
GEM,110,0.0195,0,0.0195,2,particles,27.5,data/GEM_110_0.0195_0_0.0195_2_particles_27.5.ttk
GEM,120,0.0195,0,0.0195,2,particles,30,data/GEM_120_0.0195_0_0.0195_2_particles_30.ttk
GEM,130,0.0195,0,0.0195,2,particles,32.5,data/GEM_130_0.0195_0_0.0195_2_particles_32.5.ttk
GEM,140,0.0195,0,0.0195,2,particles,35,data/GEM_140_0.0195_0_0.0195_2_particles_35.ttk
GEM,150,0.0195,0,0.0195,2,particles,37.5,data/GEM_150_0.0195_0_0.0195_2_particles_37.5.ttk
GEM,160,0.0195,0,0.0195,2,particles,40,data/GEM_160_0.0195_0_0.0195_2_particles_40.ttk
GEM,170,0.0195,0,0.0195,2,particles,42.5,data/GEM_170_0.0195_0_0.0195_2_particles_42.5.ttk
GEM,180,0.0195,0,0.0195,2,particles,45,data/GEM_180_0.0195_0_0.0195_2_particles_45.ttk
GEM,190,0.0195,0,0.0195,2,particles,47.5,data/GEM_190_0.0195_0_0.0195_2_particles_47.5.ttk
GEM,200,0.0195,0,0.0195,2,particles,50,data/GEM_200_0.0195_0_0.0195_2_particles_50.ttk
GEM,210,0.0195,0,0.0195,2,particles,52.5,data/GEM_210_0.0195_0_0.0195_2_particles_52.5.ttk
GEM,220,0.0195,0,0.0195,2,particles,55,data/GEM_220_0.0195_0_0.0195_2_particles_55.ttk
GEM,230,0.0195,0,0.0195,2,particles,57.5,data/GEM_230_0.0195_0_0.0195_2_particles_57.5.ttk
GEM,240,0.0195,0,0.0195,2,particles,60,data/GEM_240_0.0195_0_0.0195_2_particles_60.ttk
GEM,250,0.0195,0,0.0195,2,particles,62.5,data/GEM_250_0.0195_0_0.0195_2_particles_62.5.ttk
GEM,260,0.0195,0,0.0195,2,particles,65,data/GEM_260_0.0195_0_0.0195_2_particles_65.ttk
GEM,270,0.0195,0,0.0195,2,particles,67.5,data/GEM_270_0.0195_0_0.0195_2_particles_67.5.ttk
GEM,280,0.0195,0,0.0195,2,particles,70,data/GEM_280_0.0195_0_0.0195_2_particles_70.ttk
GEM,290,0.0195,0,0.0195,2,particles,72.5,data/GEM_290_0.0195_0_0.0195_2_particles_72.5.ttk
GEM,300,0.0195,0,0.0195,2,particles,75,data/GEM_300_0.0195_0_0.0195_2_particles_75.ttk
GEM,310,0.0195,0,0.0195,2,particles,77.5,data/GEM_310_0.0195_0_0.0195_2_particles_77.5.ttk
GEM,320,0.0195,0,0.0195,2,particles,80,data/GEM_320_0.0195_0_0.0195_2_particles_80.ttk
GEM,330,0.0195,0,0.0195,2,particles,82.5,data/GEM_330_0.0195_0_0.0195_2_particles_82.5.ttk
GEM,340,0.0195,0,0.0195,2,particles,85,data/GEM_340_0.0195_0_0.0195_2_particles_85.ttk
GEM,350,0.0195,0,0.0195,2,particles,87.5,data/GEM_350_0.0195_0_0.0195_2_particles_87.5.ttk
GEM,360,0.0195,0,0.0195,2,particles,90,data/GEM_360_0.0195_0_0.0195_2_particles_90.ttk
GEM,370,0.0195,0,0.0195,2,particles,92.5,data/GEM_370_0.0195_0_0.0195_2_particles_92.5.ttk
GEM,380,0.0195,0,0.0195,2,particles,95,data/GEM_380_0.0195_0_0.0195_2_particles_95.ttk
GEM,390,0.0195,0,0.0195,2,particles,97.5,data/GEM_390_0.0195_0_0.0195_2_particles_97.5.ttk
GEM,400,0.0195,0,0.0195,2,particles,100,data/GEM_400_0.0195_0_0.0195_2_particles_100.ttk
GEM,410,0.0195,0,0.0195,2,particles,102.5,data/GEM_410_0.0195_0_0.0195_2_particles_102.5.ttk
GEM,420,0.0195,0,0.0195,2,particles,105,data/GEM_420_0.0195_0_0.0195_2_particles_105.ttk
GEM,430,0.0195,0,0.0195,2,particles,107.5,data/GEM_430_0.0195_0_0.0195_2_particles_107.5.ttk
GEM,440,0.0195,0,0.0195,2,particles,110,data/GEM_440_0.0195_0_0.0195_2_particles_110.ttk
GEM,450,0.0195,0,0.0195,2,particles,112.5,data/GEM_450_0.0195_0_0.0195_2_particles_112.5.ttk
GEM,460,0.0195,0,0.0195,2,particles,115,data/GEM_460_0.0195_0_0.0195_2_particles_115.ttk
GEM,470,0.0195,0,0.0195,2,particles,117.5,data/GEM_470_0.0195_0_0.0195_2_particles_117.5.ttk
GEM,480,0.0195,0,0.0195,2,particles,120,data/GEM_480_0.0195_0_0.0195_2_particles_120.ttk
GEM,490,0.0195,0,0.0195,2,particles,122.5,data/GEM_490_0.0195_0_0.0195_2_particles_122.5.ttk
GEM,500,0.0195,0,0.0195,2,particles,125,data/GEM_500_0.0195_0_0.0195_2_particles_125.ttk
GEM,510,0.0195,0,0.0195,2,particles,127.5,data/GEM_510_0.0195_0_0.0195_2_particles_127.5.ttk
GEM,520,0.0195,0,0.0195,2,particles,130,data/GEM_520_0.0195_0_0.0195_2_particles_130.ttk
GEM,530,0.0195,0,0.0195,2,particles,132.5,data/GEM_530_0.0195_0_0.0195_2_particles_132.5.ttk
GEM,540,0.0195,0,0.0195,2,particles,135,data/GEM_540_0.0195_0_0.0195_2_particles_135.ttk
GEM,550,0.0195,0,0.0195,2,particles,137.5,data/GEM_550_0.0195_0_0.0195_2_particles_137.5.ttk
GEM,560,0.0195,0,0.0195,2,particles,140,data/GEM_560_0.0195_0_0.0195_2_particles_140.ttk
GEM,570,0.0195,0,0.0195,2,particles,142.5,data/GEM_570_0.0195_0_0.0195_2_particles_142.5.ttk
GEM,580,0.0195,0,0.0195,2,particles,145,data/GEM_580_0.0195_0_0.0195_2_particles_145.ttk
GEM,590,0.0195,0,0.0195,2,particles,147.5,data/GEM_590_0.0195_0_0.0195_2_particles_147.5.ttk
GEM,600,0.0195,0,0.0195,2,particles,150,data/GEM_600_0.0195_0_0.0195_2_particles_150.ttk
GEM,610,0.0195,0,0.0195,2,particles,152.5,data/GEM_610_0.0195_0_0.0195_2_particles_152.5.ttk
GEM,620,0.0195,0,0.0195,2,particles,155,data/GEM_620_0.0195_0_0.0195_2_particles_155.ttk
GEM,630,0.0195,0,0.0195,2,particles,157.5,data/GEM_630_0.0195_0_0.0195_2_particles_157.5.ttk
GEM,640,0.0195,0,0.0195,2,particles,160,data/GEM_640_0.0195_0_0.0195_2_particles_160.ttk
GEM,650,0.0195,0,0.0195,2,particles,162.5,data/GEM_650_0.0195_0_0.0195_2_particles_162.5.ttk
GEM,660,0.0195,0,0.0195,2,particles,165,data/GEM_660_0.0195_0_0.0195_2_particles_165.ttk
GEM,670,0.0195,0,0.0195,2,particles,167.5,data/GEM_670_0.0195_0_0.0195_2_particles_167.5.ttk
GEM,680,0.0195,0,0.0195,2,particles,170,data/GEM_680_0.0195_0_0.0195_2_particles_170.ttk
GEM,690,0.0195,0,0.0195,2,particles,172.5,data/GEM_690_0.0195_0_0.0195_2_particles_172.5.ttk
GEM,700,0.0195,0,0.0195,2,particles,175,data/GEM_700_0.0195_0_0.0195_2_particles_175.ttk
GEM,710,0.0195,0,0.0195,2,particles,177.5,data/GEM_710_0.0195_0_0.0195_2_particles_177.5.ttk
GEM,720,0.0195,0,0.0195,2,particles,180,data/GEM_720_0.0195_0_0.0195_2_particles_180.ttk
GEM,730,0.0195,0,0.0195,2,particles,182.5,data/GEM_730_0.0195_0_0.0195_2_particles_182.5.ttk
GEM,740,0.0195,0,0.0195,2,particles,185,data/GEM_740_0.0195_0_0.0195_2_particles_185.ttk
GEM,750,0.0195,0,0.0195,2,particles,187.5,data/GEM_750_0.0195_0_0.0195_2_particles_187.5.ttk
GEM,760,0.0195,0,0.0195,2,particles,190,data/GEM_760_0.0195_0_0.0195_2_particles_190.ttk
GEM,770,0.0195,0,0.0195,2,particles,192.5,data/GEM_770_0.0195_0_0.0195_2_particles_192.5.ttk
GEM,780,0.0195,0,0.0195,2,particles,195,data/GEM_780_0.0195_0_0.0195_2_particles_195.ttk
GEM,790,0.0195,0,0.0195,2,particles,197.5,data/GEM_790_0.0195_0_0.0195_2_particles_197.5.ttk
GEM,800,0.0195,0,0.0195,2,particles,200,data/GEM_800_0.0195_0_0.0195_2_particles_200.ttk
GEM,810,0.0195,0,0.0195,2,particles,202.5,data/GEM_810_0.0195_0_0.0195_2_particles_202.5.ttk
GEM,820,0.0195,0,0.0195,2,particles,205,data/GEM_820_0.0195_0_0.0195_2_particles_205.ttk
GEM,830,0.0195,0,0.0195,2,particles,207.5,data/GEM_830_0.0195_0_0.0195_2_particles_207.5.ttk
GEM,840,0.0195,0,0.0195,2,particles,210,data/GEM_840_0.0195_0_0.0195_2_particles_210.ttk
GEM,850,0.0195,0,0.0195,2,particles,212.5,data/GEM_850_0.0195_0_0.0195_2_particles_212.5.ttk
GEM,860,0.0195,0,0.0195,2,particles,215,data/GEM_860_0.0195_0_0.0195_2_particles_215.ttk
GEM,870,0.0195,0,0.0195,2,particles,217.5,data/GEM_870_0.0195_0_0.0195_2_particles_217.5.ttk
GEM,880,0.0195,0,0.0195,2,particles,220,data/GEM_880_0.0195_0_0.0195_2_particles_220.ttk
GEM,890,0.0195,0,0.0195,2,particles,222.5,data/GEM_890_0.0195_0_0.0195_2_particles_222.5.ttk
GEM,900,0.0195,0,0.0195,2,particles,225,data/GEM_900_0.0195_0_0.0195_2_particles_225.ttk
GEM,910,0.0195,0,0.0195,2,particles,227.5,data/GEM_910_0.0195_0_0.0195_2_particles_227.5.ttk
GEM,920,0.0195,0,0.0195,2,particles,230,data/GEM_920_0.0195_0_0.0195_2_particles_230.ttk
GEM,930,0.0195,0,0.0195,2,particles,232.5,data/GEM_930_0.0195_0_0.0195_2_particles_232.5.ttk
GEM,940,0.0195,0,0.0195,2,particles,235,data/GEM_940_0.0195_0_0.0195_2_particles_235.ttk
GEM,950,0.0195,0,0.0195,2,particles,237.5,data/GEM_950_0.0195_0_0.0195_2_particles_237.5.ttk
GEM,960,0.0195,0,0.0195,2,particles,240,data/GEM_960_0.0195_0_0.0195_2_particles_240.ttk
GEM,970,0.0195,0,0.0195,2,particles,242.5,data/GEM_970_0.0195_0_0.0195_2_particles_242.5.ttk
GEM,980,0.0195,0,0.0195,2,particles,245,data/GEM_980_0.0195_0_0.0195_2_particles_245.ttk
GEM,990,0.0195,0,0.0195,2,particles,247.5,data/GEM_990_0.0195_0_0.0195_2_particles_247.5.ttk
GEM,1000,0.0195,0,0.0195,2,particles,250,data/GEM_1000_0.0195_0_0.0195_2_particles_250.ttk
GEM,1010,0.0195,0,0.0195,2,particles,252.5,data/GEM_1010_0.0195_0_0.0195_2_particles_252.5.ttk
GEM,1020,0.0195,0,0.0195,2,particles,255,data/GEM_1020_0.0195_0_0.0195_2_particles_255.ttk
GEM,1030,0.0195,0,0.0195,2,particles,257.5,data/GEM_1030_0.0195_0_0.0195_2_particles_257.5.ttk
GEM,1040,0.0195,0,0.0195,2,particles,260,data/GEM_1040_0.0195_0_0.0195_2_particles_260.ttk
GEM,1050,0.0195,0,0.0195,2,particles,262.5,data/GEM_1050_0.0195_0_0.0195_2_particles_262.5.ttk
GEM,1060,0.0195,0,0.0195,2,particles,265,data/GEM_1060_0.0195_0_0.0195_2_particles_265.ttk
GEM,1070,0.0195,0,0.0195,2,particles,267.5,data/GEM_1070_0.0195_0_0.0195_2_particles_267.5.ttk
GEM,1080,0.0195,0,0.0195,2,particles,270,data/GEM_1080_0.0195_0_0.0195_2_particles_270.ttk
GEM,1090,0.0195,0,0.0195,2,particles,272.5,data/GEM_1090_0.0195_0_0.0195_2_particles_272.5.ttk
GEM,1100,0.0195,0,0.0195,2,particles,275,data/GEM_1100_0.0195_0_0.0195_2_particles_275.ttk
GEM,1110,0.0195,0,0.0195,2,particles,277.5,data/GEM_1110_0.0195_0_0.0195_2_particles_277.5.ttk
GEM,1120,0.0195,0,0.0195,2,particles,280,data/GEM_1120_0.0195_0_0.0195_2_particles_280.ttk
GEM,1130,0.0195,0,0.0195,2,particles,282.5,data/GEM_1130_0.0195_0_0.0195_2_particles_282.5.ttk
GEM,1140,0.0195,0,0.0195,2,particles,285,data/GEM_1140_0.0195_0_0.0195_2_particles_285.ttk
GEM,1150,0.0195,0,0.0195,2,particles,287.5,data/GEM_1150_0.0195_0_0.0195_2_particles_287.5.ttk
GEM,1160,0.0195,0,0.0195,2,particles,290,data/GEM_1160_0.0195_0_0.0195_2_particles_290.ttk
GEM,1170,0.0195,0,0.0195,2,particles,292.5,data/GEM_1170_0.0195_0_0.0195_2_particles_292.5.ttk
GEM,1180,0.0195,0,0.0195,2,particles,295,data/GEM_1180_0.0195_0_0.0195_2_particles_295.ttk
GEM,1190,0.0195,0,0.0195,2,particles,297.5,data/GEM_1190_0.0195_0_0.0195_2_particles_297.5.ttk
GEM,1200,0.0195,0,0.0195,2,particles,300,data/GEM_1200_0.0195_0_0.0195_2_particles_300.ttk
GEM,1210,0.0195,0,0.0195,2,particles,302.5,data/GEM_1210_0.0195_0_0.0195_2_particles_302.5.ttk
GEM,1220,0.0195,0,0.0195,2,particles,305,data/GEM_1220_0.0195_0_0.0195_2_particles_305.ttk
GEM,1230,0.0195,0,0.0195,2,particles,307.5,data/GEM_1230_0.0195_0_0.0195_2_particles_307.5.ttk
GEM,1240,0.0195,0,0.0195,2,particles,310,data/GEM_1240_0.0195_0_0.0195_2_particles_310.ttk
GEM,1250,0.0195,0,0.0195,2,particles,312.5,data/GEM_1250_0.0195_0_0.0195_2_particles_312.5.ttk
GEM,1260,0.0195,0,0.0195,2,particles,315,data/GEM_1260_0.0195_0_0.0195_2_particles_315.ttk
GEM,1270,0.0195,0,0.0195,2,particles,317.5,data/GEM_1270_0.0195_0_0.0195_2_particles_317.5.ttk
GEM,1280,0.0195,0,0.0195,2,particles,320,data/GEM_1280_0.0195_0_0.0195_2_particles_320.ttk
GEM,1290,0.0195,0,0.0195,2,particles,322.5,data/GEM_1290_0.0195_0_0.0195_2_particles_322.5.ttk
GEM,1300,0.0195,0,0.0195,2,particles,325,data/GEM_1300_0.0195_0_0.0195_2_particles_325.ttk
GEM,1310,0.0195,0,0.0195,2,particles,327.5,data/GEM_1310_0.0195_0_0.0195_2_particles_327.5.ttk
GEM,1320,0.0195,0,0.0195,2,particles,330,data/GEM_1320_0.0195_0_0.0195_2_particles_330.ttk
GEM,1330,0.0195,0,0.0195,2,particles,332.5,data/GEM_1330_0.0195_0_0.0195_2_particles_332.5.ttk
GEM,1340,0.0195,0,0.0195,2,particles,335,data/GEM_1340_0.0195_0_0.0195_2_particles_335.ttk
GEM,1350,0.0195,0,0.0195,2,particles,337.5,data/GEM_1350_0.0195_0_0.0195_2_particles_337.5.ttk
GEM,1360,0.0195,0,0.0195,2,particles,340,data/GEM_1360_0.0195_0_0.0195_2_particles_340.ttk
GEM,1370,0.0195,0,0.0195,2,particles,342.5,data/GEM_1370_0.0195_0_0.0195_2_particles_342.5.ttk
GEM,1380,0.0195,0,0.0195,2,particles,345,data/GEM_1380_0.0195_0_0.0195_2_particles_345.ttk
GEM,1390,0.0195,0,0.0195,2,particles,347.5,data/GEM_1390_0.0195_0_0.0195_2_particles_347.5.ttk
GEM,1400,0.0195,0,0.0195,2,particles,350,data/GEM_1400_0.0195_0_0.0195_2_particles_350.ttk
GEM,1410,0.0195,0,0.0195,2,particles,352.5,data/GEM_1410_0.0195_0_0.0195_2_particles_352.5.ttk
GEM,1420,0.0195,0,0.0195,2,particles,355,data/GEM_1420_0.0195_0_0.0195_2_particles_355.ttk
GEM,1430,0.0195,0,0.0195,2,particles,357.5,data/GEM_1430_0.0195_0_0.0195_2_particles_357.5.ttk
GEM,1440,0.0195,0,0.0195,2,particles,360,data/GEM_1440_0.0195_0_0.0195_2_particles_360.ttk
GEM,1450,0.0195,0,0.0195,2,particles,362.5,data/GEM_1450_0.0195_0_0.0195_2_particles_362.5.ttk
GEM,1460,0.0195,0,0.0195,2,particles,365,data/GEM_1460_0.0195_0_0.0195_2_particles_365.ttk
GEM,1470,0.0195,0,0.0195,2,particles,367.5,data/GEM_1470_0.0195_0_0.0195_2_particles_367.5.ttk
GEM,1480,0.0195,0,0.0195,2,particles,370,data/GEM_1480_0.0195_0_0.0195_2_particles_370.ttk
GEM,1490,0.0195,0,0.0195,2,particles,372.5,data/GEM_1490_0.0195_0_0.0195_2_particles_372.5.ttk
GEM,1500,0.0195,0,0.0195,2,particles,375,data/GEM_1500_0.0195_0_0.0195_2_particles_375.ttk
GEM,1510,0.0195,0,0.0195,2,particles,377.5,data/GEM_1510_0.0195_0_0.0195_2_particles_377.5.ttk
GEM,1520,0.0195,0,0.0195,2,particles,380,data/GEM_1520_0.0195_0_0.0195_2_particles_380.ttk
GEM,1530,0.0195,0,0.0195,2,particles,382.5,data/GEM_1530_0.0195_0_0.0195_2_particles_382.5.ttk
GEM,1540,0.0195,0,0.0195,2,particles,385,data/GEM_1540_0.0195_0_0.0195_2_particles_385.ttk
GEM,1550,0.0195,0,0.0195,2,particles,387.5,data/GEM_1550_0.0195_0_0.0195_2_particles_387.5.ttk
GEM,1560,0.0195,0,0.0195,2,particles,390,data/GEM_1560_0.0195_0_0.0195_2_particles_390.ttk
GEM,1570,0.0195,0,0.0195,2,particles,392.5,data/GEM_1570_0.0195_0_0.0195_2_particles_392.5.ttk
GEM,1580,0.0195,0,0.0195,2,particles,395,data/GEM_1580_0.0195_0_0.0195_2_particles_395.ttk
GEM,1590,0.0195,0,0.0195,2,particles,397.5,data/GEM_1590_0.0195_0_0.0195_2_particles_397.5.ttk
GEM,1600,0.0195,0,0.0195,2,particles,400,data/GEM_1600_0.0195_0_0.0195_2_particles_400.ttk
GEM,1610,0.0195,0,0.0195,2,particles,402.5,data/GEM_1610_0.0195_0_0.0195_2_particles_402.5.ttk
GEM,1620,0.0195,0,0.0195,2,particles,405,data/GEM_1620_0.0195_0_0.0195_2_particles_405.ttk
GEM,1630,0.0195,0,0.0195,2,particles,407.5,data/GEM_1630_0.0195_0_0.0195_2_particles_407.5.ttk
GEM,1640,0.0195,0,0.0195,2,particles,410,data/GEM_1640_0.0195_0_0.0195_2_particles_410.ttk
GEM,1650,0.0195,0,0.0195,2,particles,412.5,data/GEM_1650_0.0195_0_0.0195_2_particles_412.5.ttk
GEM,1660,0.0195,0,0.0195,2,particles,415,data/GEM_1660_0.0195_0_0.0195_2_particles_415.ttk
GEM,1670,0.0195,0,0.0195,2,particles,417.5,data/GEM_1670_0.0195_0_0.0195_2_particles_417.5.ttk
GEM,1680,0.0195,0,0.0195,2,particles,420,data/GEM_1680_0.0195_0_0.0195_2_particles_420.ttk
GEM,1690,0.0195,0,0.0195,2,particles,422.5,data/GEM_1690_0.0195_0_0.0195_2_particles_422.5.ttk
GEM,1700,0.0195,0,0.0195,2,particles,425,data/GEM_1700_0.0195_0_0.0195_2_particles_425.ttk
GEM,1710,0.0195,0,0.0195,2,particles,427.5,data/GEM_1710_0.0195_0_0.0195_2_particles_427.5.ttk
GEM,1720,0.0195,0,0.0195,2,particles,430,data/GEM_1720_0.0195_0_0.0195_2_particles_430.ttk
GEM,1730,0.0195,0,0.0195,2,particles,432.5,data/GEM_1730_0.0195_0_0.0195_2_particles_432.5.ttk
GEM,1740,0.0195,0,0.0195,2,particles,435,data/GEM_1740_0.0195_0_0.0195_2_particles_435.ttk
GEM,1750,0.0195,0,0.0195,2,particles,437.5,data/GEM_1750_0.0195_0_0.0195_2_particles_437.5.ttk
GEM,1760,0.0195,0,0.0195,2,particles,440,data/GEM_1760_0.0195_0_0.0195_2_particles_440.ttk
GEM,1770,0.0195,0,0.0195,2,particles,442.5,data/GEM_1770_0.0195_0_0.0195_2_particles_442.5.ttk
GEM,1780,0.0195,0,0.0195,2,particles,445,data/GEM_1780_0.0195_0_0.0195_2_particles_445.ttk
GEM,1790,0.0195,0,0.0195,2,particles,447.5,data/GEM_1790_0.0195_0_0.0195_2_particles_447.5.ttk
GEM,1800,0.0195,0,0.0195,2,particles,450,data/GEM_1800_0.0195_0_0.0195_2_particles_450.ttk
GEM,1810,0.0195,0,0.0195,2,particles,452.5,data/GEM_1810_0.0195_0_0.0195_2_particles_452.5.ttk
GEM,1820,0.0195,0,0.0195,2,particles,455,data/GEM_1820_0.0195_0_0.0195_2_particles_455.ttk
GEM,1830,0.0195,0,0.0195,2,particles,457.5,data/GEM_1830_0.0195_0_0.0195_2_particles_457.5.ttk
GEM,1840,0.0195,0,0.0195,2,particles,460,data/GEM_1840_0.0195_0_0.0195_2_particles_460.ttk
GEM,1850,0.0195,0,0.0195,2,particles,462.5,data/GEM_1850_0.0195_0_0.0195_2_particles_462.5.ttk
GEM,1860,0.0195,0,0.0195,2,particles,465,data/GEM_1860_0.0195_0_0.0195_2_particles_465.ttk
GEM,1870,0.0195,0,0.0195,2,particles,467.5,data/GEM_1870_0.0195_0_0.0195_2_particles_467.5.ttk
GEM,1880,0.0195,0,0.0195,2,particles,470,data/GEM_1880_0.0195_0_0.0195_2_particles_470.ttk
GEM,1890,0.0195,0,0.0195,2,particles,472.5,data/GEM_1890_0.0195_0_0.0195_2_particles_472.5.ttk
GEM,1900,0.0195,0,0.0195,2,particles,475,data/GEM_1900_0.0195_0_0.0195_2_particles_475.ttk
GEM,1910,0.0195,0,0.0195,2,particles,477.5,data/GEM_1910_0.0195_0_0.0195_2_particles_477.5.ttk
GEM,1920,0.0195,0,0.0195,2,particles,480,data/GEM_1920_0.0195_0_0.0195_2_particles_480.ttk
GEM,1930,0.0195,0,0.0195,2,particles,482.5,data/GEM_1930_0.0195_0_0.0195_2_particles_482.5.ttk
GEM,1940,0.0195,0,0.0195,2,particles,485,data/GEM_1940_0.0195_0_0.0195_2_particles_485.ttk
GEM,1950,0.0195,0,0.0195,2,particles,487.5,data/GEM_1950_0.0195_0_0.0195_2_particles_487.5.ttk
GEM,1960,0.0195,0,0.0195,2,particles,490,data/GEM_1960_0.0195_0_0.0195_2_particles_490.ttk
GEM,1970,0.0195,0,0.0195,2,particles,492.5,data/GEM_1970_0.0195_0_0.0195_2_particles_492.5.ttk
GEM,1980,0.0195,0,0.0195,2,particles,495,data/GEM_1980_0.0195_0_0.0195_2_particles_495.ttk
GEM,1990,0.0195,0,0.0195,2,particles,497.5,data/GEM_1990_0.0195_0_0.0195_2_particles_497.5.ttk
GEM,2000,0.0195,0,0.0195,2,particles,500,data/GEM_2000_0.0195_0_0.0195_2_particles_500.ttk
GEM,2010,0.0195,0,0.0195,2,particles,502.5,data/GEM_2010_0.0195_0_0.0195_2_particles_502.5.ttk
GEM,2020,0.0195,0,0.0195,2,particles,505,data/GEM_2020_0.0195_0_0.0195_2_particles_505.ttk
GEM,2030,0.0195,0,0.0195,2,particles,507.5,data/GEM_2030_0.0195_0_0.0195_2_particles_507.5.ttk
GEM,2040,0.0195,0,0.0195,2,particles,510,data/GEM_2040_0.0195_0_0.0195_2_particles_510.ttk
GEM,2050,0.0195,0,0.0195,2,particles,512.5,data/GEM_2050_0.0195_0_0.0195_2_particles_512.5.ttk
GEM,2060,0.0195,0,0.0195,2,particles,515,data/GEM_2060_0.0195_0_0.0195_2_particles_515.ttk
GEM,2070,0.0195,0,0.0195,2,particles,517.5,data/GEM_2070_0.0195_0_0.0195_2_particles_517.5.ttk
GEM,2080,0.0195,0,0.0195,2,particles,520,data/GEM_2080_0.0195_0_0.0195_2_particles_520.ttk
GEM,2090,0.0195,0,0.0195,2,particles,522.5,data/GEM_2090_0.0195_0_0.0195_2_particles_522.5.ttk
GEM,2100,0.0195,0,0.0195,2,particles,525,data/GEM_2100_0.0195_0_0.0195_2_particles_525.ttk
GEM,2110,0.0195,0,0.0195,2,particles,527.5,data/GEM_2110_0.0195_0_0.0195_2_particles_527.5.ttk
GEM,2120,0.0195,0,0.0195,2,particles,530,data/GEM_2120_0.0195_0_0.0195_2_particles_530.ttk
GEM,2130,0.0195,0,0.0195,2,particles,532.5,data/GEM_2130_0.0195_0_0.0195_2_particles_532.5.ttk
GEM,2140,0.0195,0,0.0195,2,particles,535,data/GEM_2140_0.0195_0_0.0195_2_particles_535.ttk
GEM,2150,0.0195,0,0.0195,2,particles,537.5,data/GEM_2150_0.0195_0_0.0195_2_particles_537.5.ttk
GEM,2160,0.0195,0,0.0195,2,particles,540,data/GEM_2160_0.0195_0_0.0195_2_particles_540.ttk
GEM,2170,0.0195,0,0.0195,2,particles,542.5,data/GEM_2170_0.0195_0_0.0195_2_particles_542.5.ttk
GEM,2180,0.0195,0,0.0195,2,particles,545,data/GEM_2180_0.0195_0_0.0195_2_particles_545.ttk
GEM,2190,0.0195,0,0.0195,2,particles,547.5,data/GEM_2190_0.0195_0_0.0195_2_particles_547.5.ttk
GEM,2200,0.0195,0,0.0195,2,particles,550,data/GEM_2200_0.0195_0_0.0195_2_particles_550.ttk
GEM,2210,0.0195,0,0.0195,2,particles,552.5,data/GEM_2210_0.0195_0_0.0195_2_particles_552.5.ttk
GEM,2220,0.0195,0,0.0195,2,particles,555,data/GEM_2220_0.0195_0_0.0195_2_particles_555.ttk
GEM,2230,0.0195,0,0.0195,2,particles,557.5,data/GEM_2230_0.0195_0_0.0195_2_particles_557.5.ttk
GEM,2240,0.0195,0,0.0195,2,particles,560,data/GEM_2240_0.0195_0_0.0195_2_particles_560.ttk
GEM,2250,0.0195,0,0.0195,2,particles,562.5,data/GEM_2250_0.0195_0_0.0195_2_particles_562.5.ttk
GEM,2260,0.0195,0,0.0195,2,particles,565,data/GEM_2260_0.0195_0_0.0195_2_particles_565.ttk
GEM,2270,0.0195,0,0.0195,2,particles,567.5,data/GEM_2270_0.0195_0_0.0195_2_particles_567.5.ttk
GEM,2280,0.0195,0,0.0195,2,particles,570,data/GEM_2280_0.0195_0_0.0195_2_particles_570.ttk
GEM,2290,0.0195,0,0.0195,2,particles,572.5,data/GEM_2290_0.0195_0_0.0195_2_particles_572.5.ttk
GEM,2300,0.0195,0,0.0195,2,particles,575,data/GEM_2300_0.0195_0_0.0195_2_particles_575.ttk
GEM,2310,0.0195,0,0.0195,2,particles,577.5,data/GEM_2310_0.0195_0_0.0195_2_particles_577.5.ttk
GEM,2320,0.0195,0,0.0195,2,particles,580,data/GEM_2320_0.0195_0_0.0195_2_particles_580.ttk
GEM,2330,0.0195,0,0.0195,2,particles,582.5,data/GEM_2330_0.0195_0_0.0195_2_particles_582.5.ttk
GEM,2340,0.0195,0,0.0195,2,particles,585,data/GEM_2340_0.0195_0_0.0195_2_particles_585.ttk
GEM,2350,0.0195,0,0.0195,2,particles,587.5,data/GEM_2350_0.0195_0_0.0195_2_particles_587.5.ttk
GEM,2360,0.0195,0,0.0195,2,particles,590,data/GEM_2360_0.0195_0_0.0195_2_particles_590.ttk
GEM,2370,0.0195,0,0.0195,2,particles,592.5,data/GEM_2370_0.0195_0_0.0195_2_particles_592.5.ttk
GEM,2380,0.0195,0,0.0195,2,particles,595,data/GEM_2380_0.0195_0_0.0195_2_particles_595.ttk
GEM,2390,0.0195,0,0.0195,2,particles,597.5,data/GEM_2390_0.0195_0_0.0195_2_particles_597.5.ttk
GEM,2400,0.0195,0,0.0195,2,particles,600,data/GEM_2400_0.0195_0_0.0195_2_particles_600.ttk
GEM,2410,0.0195,0,0.0195,2,particles,602.5,data/GEM_2410_0.0195_0_0.0195_2_particles_602.5.ttk
GEM,2420,0.0195,0,0.0195,2,particles,605,data/GEM_2420_0.0195_0_0.0195_2_particles_605.ttk
GEM,2430,0.0195,0,0.0195,2,particles,607.5,data/GEM_2430_0.0195_0_0.0195_2_particles_607.5.ttk
GEM,2440,0.0195,0,0.0195,2,particles,610,data/GEM_2440_0.0195_0_0.0195_2_particles_610.ttk
GEM,2450,0.0195,0,0.0195,2,particles,612.5,data/GEM_2450_0.0195_0_0.0195_2_particles_612.5.ttk
GEM,2460,0.0195,0,0.0195,2,particles,615,data/GEM_2460_0.0195_0_0.0195_2_particles_615.ttk
GEM,2470,0.0195,0,0.0195,2,particles,617.5,data/GEM_2470_0.0195_0_0.0195_2_particles_617.5.ttk
GEM,2480,0.0195,0,0.0195,2,particles,620,data/GEM_2480_0.0195_0_0.0195_2_particles_620.ttk
GEM,2490,0.0195,0,0.0195,2,particles,622.5,data/GEM_2490_0.0195_0_0.0195_2_particles_622.5.ttk
GEM,2500,0.0195,0,0.0195,2,particles,625,data/GEM_2500_0.0195_0_0.0195_2_particles_625.ttk
GEM,0,0.0195,0,0,2,particles,0,data/GEM_0_0.0195_0_0_2_particles_0.ttk
GEM,10,0.0195,0,0,2,particles,2.5,data/GEM_10_0.0195_0_0_2_particles_2.5.ttk
GEM,20,0.0195,0,0,2,particles,5,data/GEM_20_0.0195_0_0_2_particles_5.ttk
GEM,30,0.0195,0,0,2,particles,7.5,data/GEM_30_0.0195_0_0_2_particles_7.5.ttk
GEM,40,0.0195,0,0,2,particles,10,data/GEM_40_0.0195_0_0_2_particles_10.ttk
GEM,50,0.0195,0,0,2,particles,12.5,data/GEM_50_0.0195_0_0_2_particles_12.5.ttk
GEM,60,0.0195,0,0,2,particles,15,data/GEM_60_0.0195_0_0_2_particles_15.ttk
GEM,70,0.0195,0,0,2,particles,17.5,data/GEM_70_0.0195_0_0_2_particles_17.5.ttk
GEM,80,0.0195,0,0,2,particles,20,data/GEM_80_0.0195_0_0_2_particles_20.ttk
GEM,90,0.0195,0,0,2,particles,22.5,data/GEM_90_0.0195_0_0_2_particles_22.5.ttk
GEM,100,0.0195,0,0,2,particles,25,data/GEM_100_0.0195_0_0_2_particles_25.ttk
GEM,110,0.0195,0,0,2,particles,27.5,data/GEM_110_0.0195_0_0_2_particles_27.5.ttk
GEM,120,0.0195,0,0,2,particles,30,data/GEM_120_0.0195_0_0_2_particles_30.ttk
GEM,130,0.0195,0,0,2,particles,32.5,data/GEM_130_0.0195_0_0_2_particles_32.5.ttk
GEM,140,0.0195,0,0,2,particles,35,data/GEM_140_0.0195_0_0_2_particles_35.ttk
GEM,150,0.0195,0,0,2,particles,37.5,data/GEM_150_0.0195_0_0_2_particles_37.5.ttk
GEM,160,0.0195,0,0,2,particles,40,data/GEM_160_0.0195_0_0_2_particles_40.ttk
GEM,170,0.0195,0,0,2,particles,42.5,data/GEM_170_0.0195_0_0_2_particles_42.5.ttk
GEM,180,0.0195,0,0,2,particles,45,data/GEM_180_0.0195_0_0_2_particles_45.ttk
GEM,190,0.0195,0,0,2,particles,47.5,data/GEM_190_0.0195_0_0_2_particles_47.5.ttk
GEM,200,0.0195,0,0,2,particles,50,data/GEM_200_0.0195_0_0_2_particles_50.ttk
GEM,210,0.0195,0,0,2,particles,52.5,data/GEM_210_0.0195_0_0_2_particles_52.5.ttk
GEM,220,0.0195,0,0,2,particles,55,data/GEM_220_0.0195_0_0_2_particles_55.ttk
GEM,230,0.0195,0,0,2,particles,57.5,data/GEM_230_0.0195_0_0_2_particles_57.5.ttk
GEM,240,0.0195,0,0,2,particles,60,data/GEM_240_0.0195_0_0_2_particles_60.ttk
GEM,250,0.0195,0,0,2,particles,62.5,data/GEM_250_0.0195_0_0_2_particles_62.5.ttk
GEM,260,0.0195,0,0,2,particles,65,data/GEM_260_0.0195_0_0_2_particles_65.ttk
GEM,270,0.0195,0,0,2,particles,67.5,data/GEM_270_0.0195_0_0_2_particles_67.5.ttk
GEM,280,0.0195,0,0,2,particles,70,data/GEM_280_0.0195_0_0_2_particles_70.ttk
GEM,290,0.0195,0,0,2,particles,72.5,data/GEM_290_0.0195_0_0_2_particles_72.5.ttk
GEM,300,0.0195,0,0,2,particles,75,data/GEM_300_0.0195_0_0_2_particles_75.ttk
GEM,310,0.0195,0,0,2,particles,77.5,data/GEM_310_0.0195_0_0_2_particles_77.5.ttk
GEM,320,0.0195,0,0,2,particles,80,data/GEM_320_0.0195_0_0_2_particles_80.ttk
GEM,330,0.0195,0,0,2,particles,82.5,data/GEM_330_0.0195_0_0_2_particles_82.5.ttk
GEM,340,0.0195,0,0,2,particles,85,data/GEM_340_0.0195_0_0_2_particles_85.ttk
GEM,350,0.0195,0,0,2,particles,87.5,data/GEM_350_0.0195_0_0_2_particles_87.5.ttk
GEM,360,0.0195,0,0,2,particles,90,data/GEM_360_0.0195_0_0_2_particles_90.ttk
GEM,370,0.0195,0,0,2,particles,92.5,data/GEM_370_0.0195_0_0_2_particles_92.5.ttk
GEM,380,0.0195,0,0,2,particles,95,data/GEM_380_0.0195_0_0_2_particles_95.ttk
GEM,390,0.0195,0,0,2,particles,97.5,data/GEM_390_0.0195_0_0_2_particles_97.5.ttk
GEM,400,0.0195,0,0,2,particles,100,data/GEM_400_0.0195_0_0_2_particles_100.ttk
GEM,410,0.0195,0,0,2,particles,102.5,data/GEM_410_0.0195_0_0_2_particles_102.5.ttk
GEM,420,0.0195,0,0,2,particles,105,data/GEM_420_0.0195_0_0_2_particles_105.ttk
GEM,430,0.0195,0,0,2,particles,107.5,data/GEM_430_0.0195_0_0_2_particles_107.5.ttk
GEM,440,0.0195,0,0,2,particles,110,data/GEM_440_0.0195_0_0_2_particles_110.ttk
GEM,450,0.0195,0,0,2,particles,112.5,data/GEM_450_0.0195_0_0_2_particles_112.5.ttk
GEM,460,0.0195,0,0,2,particles,115,data/GEM_460_0.0195_0_0_2_particles_115.ttk
GEM,470,0.0195,0,0,2,particles,117.5,data/GEM_470_0.0195_0_0_2_particles_117.5.ttk
GEM,480,0.0195,0,0,2,particles,120,data/GEM_480_0.0195_0_0_2_particles_120.ttk
GEM,490,0.0195,0,0,2,particles,122.5,data/GEM_490_0.0195_0_0_2_particles_122.5.ttk
GEM,500,0.0195,0,0,2,particles,125,data/GEM_500_0.0195_0_0_2_particles_125.ttk
GEM,510,0.0195,0,0,2,particles,127.5,data/GEM_510_0.0195_0_0_2_particles_127.5.ttk
GEM,520,0.0195,0,0,2,particles,130,data/GEM_520_0.0195_0_0_2_particles_130.ttk
GEM,530,0.0195,0,0,2,particles,132.5,data/GEM_530_0.0195_0_0_2_particles_132.5.ttk
GEM,540,0.0195,0,0,2,particles,135,data/GEM_540_0.0195_0_0_2_particles_135.ttk
GEM,550,0.0195,0,0,2,particles,137.5,data/GEM_550_0.0195_0_0_2_particles_137.5.ttk
GEM,560,0.0195,0,0,2,particles,140,data/GEM_560_0.0195_0_0_2_particles_140.ttk
GEM,570,0.0195,0,0,2,particles,142.5,data/GEM_570_0.0195_0_0_2_particles_142.5.ttk
GEM,580,0.0195,0,0,2,particles,145,data/GEM_580_0.0195_0_0_2_particles_145.ttk
GEM,590,0.0195,0,0,2,particles,147.5,data/GEM_590_0.0195_0_0_2_particles_147.5.ttk
GEM,600,0.0195,0,0,2,particles,150,data/GEM_600_0.0195_0_0_2_particles_150.ttk
GEM,610,0.0195,0,0,2,particles,152.5,data/GEM_610_0.0195_0_0_2_particles_152.5.ttk
GEM,620,0.0195,0,0,2,particles,155,data/GEM_620_0.0195_0_0_2_particles_155.ttk
GEM,630,0.0195,0,0,2,particles,157.5,data/GEM_630_0.0195_0_0_2_particles_157.5.ttk
GEM,640,0.0195,0,0,2,particles,160,data/GEM_640_0.0195_0_0_2_particles_160.ttk
GEM,650,0.0195,0,0,2,particles,162.5,data/GEM_650_0.0195_0_0_2_particles_162.5.ttk
GEM,660,0.0195,0,0,2,particles,165,data/GEM_660_0.0195_0_0_2_particles_165.ttk
GEM,670,0.0195,0,0,2,particles,167.5,data/GEM_670_0.0195_0_0_2_particles_167.5.ttk
GEM,680,0.0195,0,0,2,particles,170,data/GEM_680_0.0195_0_0_2_particles_170.ttk
GEM,690,0.0195,0,0,2,particles,172.5,data/GEM_690_0.0195_0_0_2_particles_172.5.ttk
GEM,700,0.0195,0,0,2,particles,175,data/GEM_700_0.0195_0_0_2_particles_175.ttk
GEM,710,0.0195,0,0,2,particles,177.5,data/GEM_710_0.0195_0_0_2_particles_177.5.ttk
GEM,720,0.0195,0,0,2,particles,180,data/GEM_720_0.0195_0_0_2_particles_180.ttk
GEM,730,0.0195,0,0,2,particles,182.5,data/GEM_730_0.0195_0_0_2_particles_182.5.ttk
GEM,740,0.0195,0,0,2,particles,185,data/GEM_740_0.0195_0_0_2_particles_185.ttk
GEM,750,0.0195,0,0,2,particles,187.5,data/GEM_750_0.0195_0_0_2_particles_187.5.ttk
GEM,760,0.0195,0,0,2,particles,190,data/GEM_760_0.0195_0_0_2_particles_190.ttk
GEM,770,0.0195,0,0,2,particles,192.5,data/GEM_770_0.0195_0_0_2_particles_192.5.ttk
GEM,780,0.0195,0,0,2,particles,195,data/GEM_780_0.0195_0_0_2_particles_195.ttk
GEM,790,0.0195,0,0,2,particles,197.5,data/GEM_790_0.0195_0_0_2_particles_197.5.ttk
GEM,800,0.0195,0,0,2,particles,200,data/GEM_800_0.0195_0_0_2_particles_200.ttk
GEM,810,0.0195,0,0,2,particles,202.5,data/GEM_810_0.0195_0_0_2_particles_202.5.ttk
GEM,820,0.0195,0,0,2,particles,205,data/GEM_820_0.0195_0_0_2_particles_205.ttk
GEM,830,0.0195,0,0,2,particles,207.5,data/GEM_830_0.0195_0_0_2_particles_207.5.ttk
GEM,840,0.0195,0,0,2,particles,210,data/GEM_840_0.0195_0_0_2_particles_210.ttk
GEM,850,0.0195,0,0,2,particles,212.5,data/GEM_850_0.0195_0_0_2_particles_212.5.ttk
GEM,860,0.0195,0,0,2,particles,215,data/GEM_860_0.0195_0_0_2_particles_215.ttk
GEM,870,0.0195,0,0,2,particles,217.5,data/GEM_870_0.0195_0_0_2_particles_217.5.ttk
GEM,880,0.0195,0,0,2,particles,220,data/GEM_880_0.0195_0_0_2_particles_220.ttk
GEM,890,0.0195,0,0,2,particles,222.5,data/GEM_890_0.0195_0_0_2_particles_222.5.ttk
GEM,900,0.0195,0,0,2,particles,225,data/GEM_900_0.0195_0_0_2_particles_225.ttk
GEM,910,0.0195,0,0,2,particles,227.5,data/GEM_910_0.0195_0_0_2_particles_227.5.ttk
GEM,920,0.0195,0,0,2,particles,230,data/GEM_920_0.0195_0_0_2_particles_230.ttk
GEM,930,0.0195,0,0,2,particles,232.5,data/GEM_930_0.0195_0_0_2_particles_232.5.ttk
GEM,940,0.0195,0,0,2,particles,235,data/GEM_940_0.0195_0_0_2_particles_235.ttk
GEM,950,0.0195,0,0,2,particles,237.5,data/GEM_950_0.0195_0_0_2_particles_237.5.ttk
GEM,960,0.0195,0,0,2,particles,240,data/GEM_960_0.0195_0_0_2_particles_240.ttk
GEM,970,0.0195,0,0,2,particles,242.5,data/GEM_970_0.0195_0_0_2_particles_242.5.ttk
GEM,980,0.0195,0,0,2,particles,245,data/GEM_980_0.0195_0_0_2_particles_245.ttk
GEM,990,0.0195,0,0,2,particles,247.5,data/GEM_990_0.0195_0_0_2_particles_247.5.ttk
GEM,1000,0.0195,0,0,2,particles,250,data/GEM_1000_0.0195_0_0_2_particles_250.ttk
GEM,1010,0.0195,0,0,2,particles,252.5,data/GEM_1010_0.0195_0_0_2_particles_252.5.ttk
GEM,1020,0.0195,0,0,2,particles,255,data/GEM_1020_0.0195_0_0_2_particles_255.ttk
GEM,1030,0.0195,0,0,2,particles,257.5,data/GEM_1030_0.0195_0_0_2_particles_257.5.ttk
GEM,1040,0.0195,0,0,2,particles,260,data/GEM_1040_0.0195_0_0_2_particles_260.ttk
GEM,1050,0.0195,0,0,2,particles,262.5,data/GEM_1050_0.0195_0_0_2_particles_262.5.ttk
GEM,1060,0.0195,0,0,2,particles,265,data/GEM_1060_0.0195_0_0_2_particles_265.ttk
GEM,1070,0.0195,0,0,2,particles,267.5,data/GEM_1070_0.0195_0_0_2_particles_267.5.ttk
GEM,1080,0.0195,0,0,2,particles,270,data/GEM_1080_0.0195_0_0_2_particles_270.ttk
GEM,1090,0.0195,0,0,2,particles,272.5,data/GEM_1090_0.0195_0_0_2_particles_272.5.ttk
GEM,1100,0.0195,0,0,2,particles,275,data/GEM_1100_0.0195_0_0_2_particles_275.ttk
GEM,1110,0.0195,0,0,2,particles,277.5,data/GEM_1110_0.0195_0_0_2_particles_277.5.ttk
GEM,1120,0.0195,0,0,2,particles,280,data/GEM_1120_0.0195_0_0_2_particles_280.ttk
GEM,1130,0.0195,0,0,2,particles,282.5,data/GEM_1130_0.0195_0_0_2_particles_282.5.ttk
GEM,1140,0.0195,0,0,2,particles,285,data/GEM_1140_0.0195_0_0_2_particles_285.ttk
GEM,1150,0.0195,0,0,2,particles,287.5,data/GEM_1150_0.0195_0_0_2_particles_287.5.ttk
GEM,1160,0.0195,0,0,2,particles,290,data/GEM_1160_0.0195_0_0_2_particles_290.ttk
GEM,1170,0.0195,0,0,2,particles,292.5,data/GEM_1170_0.0195_0_0_2_particles_292.5.ttk
GEM,1180,0.0195,0,0,2,particles,295,data/GEM_1180_0.0195_0_0_2_particles_295.ttk
GEM,1190,0.0195,0,0,2,particles,297.5,data/GEM_1190_0.0195_0_0_2_particles_297.5.ttk
GEM,1200,0.0195,0,0,2,particles,300,data/GEM_1200_0.0195_0_0_2_particles_300.ttk
GEM,1210,0.0195,0,0,2,particles,302.5,data/GEM_1210_0.0195_0_0_2_particles_302.5.ttk
GEM,1220,0.0195,0,0,2,particles,305,data/GEM_1220_0.0195_0_0_2_particles_305.ttk
GEM,1230,0.0195,0,0,2,particles,307.5,data/GEM_1230_0.0195_0_0_2_particles_307.5.ttk
GEM,1240,0.0195,0,0,2,particles,310,data/GEM_1240_0.0195_0_0_2_particles_310.ttk
GEM,1250,0.0195,0,0,2,particles,312.5,data/GEM_1250_0.0195_0_0_2_particles_312.5.ttk
GEM,1260,0.0195,0,0,2,particles,315,data/GEM_1260_0.0195_0_0_2_particles_315.ttk
GEM,1270,0.0195,0,0,2,particles,317.5,data/GEM_1270_0.0195_0_0_2_particles_317.5.ttk
GEM,1280,0.0195,0,0,2,particles,320,data/GEM_1280_0.0195_0_0_2_particles_320.ttk
GEM,1290,0.0195,0,0,2,particles,322.5,data/GEM_1290_0.0195_0_0_2_particles_322.5.ttk
GEM,1300,0.0195,0,0,2,particles,325,data/GEM_1300_0.0195_0_0_2_particles_325.ttk
GEM,1310,0.0195,0,0,2,particles,327.5,data/GEM_1310_0.0195_0_0_2_particles_327.5.ttk
GEM,1320,0.0195,0,0,2,particles,330,data/GEM_1320_0.0195_0_0_2_particles_330.ttk
GEM,1330,0.0195,0,0,2,particles,332.5,data/GEM_1330_0.0195_0_0_2_particles_332.5.ttk
GEM,1340,0.0195,0,0,2,particles,335,data/GEM_1340_0.0195_0_0_2_particles_335.ttk
GEM,1350,0.0195,0,0,2,particles,337.5,data/GEM_1350_0.0195_0_0_2_particles_337.5.ttk
GEM,1360,0.0195,0,0,2,particles,340,data/GEM_1360_0.0195_0_0_2_particles_340.ttk
GEM,1370,0.0195,0,0,2,particles,342.5,data/GEM_1370_0.0195_0_0_2_particles_342.5.ttk
GEM,1380,0.0195,0,0,2,particles,345,data/GEM_1380_0.0195_0_0_2_particles_345.ttk
GEM,1390,0.0195,0,0,2,particles,347.5,data/GEM_1390_0.0195_0_0_2_particles_347.5.ttk
GEM,1400,0.0195,0,0,2,particles,350,data/GEM_1400_0.0195_0_0_2_particles_350.ttk
GEM,1410,0.0195,0,0,2,particles,352.5,data/GEM_1410_0.0195_0_0_2_particles_352.5.ttk
GEM,1420,0.0195,0,0,2,particles,355,data/GEM_1420_0.0195_0_0_2_particles_355.ttk
GEM,1430,0.0195,0,0,2,particles,357.5,data/GEM_1430_0.0195_0_0_2_particles_357.5.ttk
GEM,1440,0.0195,0,0,2,particles,360,data/GEM_1440_0.0195_0_0_2_particles_360.ttk
GEM,1450,0.0195,0,0,2,particles,362.5,data/GEM_1450_0.0195_0_0_2_particles_362.5.ttk
GEM,1460,0.0195,0,0,2,particles,365,data/GEM_1460_0.0195_0_0_2_particles_365.ttk
GEM,1470,0.0195,0,0,2,particles,367.5,data/GEM_1470_0.0195_0_0_2_particles_367.5.ttk
GEM,1480,0.0195,0,0,2,particles,370,data/GEM_1480_0.0195_0_0_2_particles_370.ttk
GEM,1490,0.0195,0,0,2,particles,372.5,data/GEM_1490_0.0195_0_0_2_particles_372.5.ttk
GEM,1500,0.0195,0,0,2,particles,375,data/GEM_1500_0.0195_0_0_2_particles_375.ttk
GEM,1510,0.0195,0,0,2,particles,377.5,data/GEM_1510_0.0195_0_0_2_particles_377.5.ttk
GEM,1520,0.0195,0,0,2,particles,380,data/GEM_1520_0.0195_0_0_2_particles_380.ttk
GEM,1530,0.0195,0,0,2,particles,382.5,data/GEM_1530_0.0195_0_0_2_particles_382.5.ttk
GEM,1540,0.0195,0,0,2,particles,385,data/GEM_1540_0.0195_0_0_2_particles_385.ttk
GEM,1550,0.0195,0,0,2,particles,387.5,data/GEM_1550_0.0195_0_0_2_particles_387.5.ttk
GEM,1560,0.0195,0,0,2,particles,390,data/GEM_1560_0.0195_0_0_2_particles_390.ttk
GEM,1570,0.0195,0,0,2,particles,392.5,data/GEM_1570_0.0195_0_0_2_particles_392.5.ttk
GEM,1580,0.0195,0,0,2,particles,395,data/GEM_1580_0.0195_0_0_2_particles_395.ttk
GEM,1590,0.0195,0,0,2,particles,397.5,data/GEM_1590_0.0195_0_0_2_particles_397.5.ttk
GEM,1600,0.0195,0,0,2,particles,400,data/GEM_1600_0.0195_0_0_2_particles_400.ttk
GEM,1610,0.0195,0,0,2,particles,402.5,data/GEM_1610_0.0195_0_0_2_particles_402.5.ttk
GEM,1620,0.0195,0,0,2,particles,405,data/GEM_1620_0.0195_0_0_2_particles_405.ttk
GEM,1630,0.0195,0,0,2,particles,407.5,data/GEM_1630_0.0195_0_0_2_particles_407.5.ttk
GEM,1640,0.0195,0,0,2,particles,410,data/GEM_1640_0.0195_0_0_2_particles_410.ttk
GEM,1650,0.0195,0,0,2,particles,412.5,data/GEM_1650_0.0195_0_0_2_particles_412.5.ttk
GEM,1660,0.0195,0,0,2,particles,415,data/GEM_1660_0.0195_0_0_2_particles_415.ttk
GEM,1670,0.0195,0,0,2,particles,417.5,data/GEM_1670_0.0195_0_0_2_particles_417.5.ttk
GEM,1680,0.0195,0,0,2,particles,420,data/GEM_1680_0.0195_0_0_2_particles_420.ttk
GEM,1690,0.0195,0,0,2,particles,422.5,data/GEM_1690_0.0195_0_0_2_particles_422.5.ttk
GEM,1700,0.0195,0,0,2,particles,425,data/GEM_1700_0.0195_0_0_2_particles_425.ttk
GEM,1710,0.0195,0,0,2,particles,427.5,data/GEM_1710_0.0195_0_0_2_particles_427.5.ttk
GEM,1720,0.0195,0,0,2,particles,430,data/GEM_1720_0.0195_0_0_2_particles_430.ttk
GEM,1730,0.0195,0,0,2,particles,432.5,data/GEM_1730_0.0195_0_0_2_particles_432.5.ttk
GEM,1740,0.0195,0,0,2,particles,435,data/GEM_1740_0.0195_0_0_2_particles_435.ttk
GEM,1750,0.0195,0,0,2,particles,437.5,data/GEM_1750_0.0195_0_0_2_particles_437.5.ttk
GEM,1760,0.0195,0,0,2,particles,440,data/GEM_1760_0.0195_0_0_2_particles_440.ttk
GEM,1770,0.0195,0,0,2,particles,442.5,data/GEM_1770_0.0195_0_0_2_particles_442.5.ttk
GEM,1780,0.0195,0,0,2,particles,445,data/GEM_1780_0.0195_0_0_2_particles_445.ttk
GEM,1790,0.0195,0,0,2,particles,447.5,data/GEM_1790_0.0195_0_0_2_particles_447.5.ttk
GEM,1800,0.0195,0,0,2,particles,450,data/GEM_1800_0.0195_0_0_2_particles_450.ttk
GEM,1810,0.0195,0,0,2,particles,452.5,data/GEM_1810_0.0195_0_0_2_particles_452.5.ttk
GEM,1820,0.0195,0,0,2,particles,455,data/GEM_1820_0.0195_0_0_2_particles_455.ttk
GEM,1830,0.0195,0,0,2,particles,457.5,data/GEM_1830_0.0195_0_0_2_particles_457.5.ttk
GEM,1840,0.0195,0,0,2,particles,460,data/GEM_1840_0.0195_0_0_2_particles_460.ttk
GEM,1850,0.0195,0,0,2,particles,462.5,data/GEM_1850_0.0195_0_0_2_particles_462.5.ttk
GEM,1860,0.0195,0,0,2,particles,465,data/GEM_1860_0.0195_0_0_2_particles_465.ttk
GEM,1870,0.0195,0,0,2,particles,467.5,data/GEM_1870_0.0195_0_0_2_particles_467.5.ttk
GEM,1880,0.0195,0,0,2,particles,470,data/GEM_1880_0.0195_0_0_2_particles_470.ttk
GEM,1890,0.0195,0,0,2,particles,472.5,data/GEM_1890_0.0195_0_0_2_particles_472.5.ttk
GEM,1900,0.0195,0,0,2,particles,475,data/GEM_1900_0.0195_0_0_2_particles_475.ttk
GEM,1910,0.0195,0,0,2,particles,477.5,data/GEM_1910_0.0195_0_0_2_particles_477.5.ttk
GEM,1920,0.0195,0,0,2,particles,480,data/GEM_1920_0.0195_0_0_2_particles_480.ttk
GEM,1930,0.0195,0,0,2,particles,482.5,data/GEM_1930_0.0195_0_0_2_particles_482.5.ttk
GEM,1940,0.0195,0,0,2,particles,485,data/GEM_1940_0.0195_0_0_2_particles_485.ttk
GEM,1950,0.0195,0,0,2,particles,487.5,data/GEM_1950_0.0195_0_0_2_particles_487.5.ttk
GEM,1960,0.0195,0,0,2,particles,490,data/GEM_1960_0.0195_0_0_2_particles_490.ttk
GEM,1970,0.0195,0,0,2,particles,492.5,data/GEM_1970_0.0195_0_0_2_particles_492.5.ttk
GEM,1980,0.0195,0,0,2,particles,495,data/GEM_1980_0.0195_0_0_2_particles_495.ttk
GEM,1990,0.0195,0,0,2,particles,497.5,data/GEM_1990_0.0195_0_0_2_particles_497.5.ttk
GEM,2000,0.0195,0,0,2,particles,500,data/GEM_2000_0.0195_0_0_2_particles_500.ttk
GEM,2010,0.0195,0,0,2,particles,502.5,data/GEM_2010_0.0195_0_0_2_particles_502.5.ttk
GEM,2020,0.0195,0,0,2,particles,505,data/GEM_2020_0.0195_0_0_2_particles_505.ttk
GEM,2030,0.0195,0,0,2,particles,507.5,data/GEM_2030_0.0195_0_0_2_particles_507.5.ttk
GEM,2040,0.0195,0,0,2,particles,510,data/GEM_2040_0.0195_0_0_2_particles_510.ttk
GEM,2050,0.0195,0,0,2,particles,512.5,data/GEM_2050_0.0195_0_0_2_particles_512.5.ttk
GEM,2060,0.0195,0,0,2,particles,515,data/GEM_2060_0.0195_0_0_2_particles_515.ttk
GEM,2070,0.0195,0,0,2,particles,517.5,data/GEM_2070_0.0195_0_0_2_particles_517.5.ttk
GEM,2080,0.0195,0,0,2,particles,520,data/GEM_2080_0.0195_0_0_2_particles_520.ttk
GEM,2090,0.0195,0,0,2,particles,522.5,data/GEM_2090_0.0195_0_0_2_particles_522.5.ttk
GEM,2100,0.0195,0,0,2,particles,525,data/GEM_2100_0.0195_0_0_2_particles_525.ttk
GEM,2110,0.0195,0,0,2,particles,527.5,data/GEM_2110_0.0195_0_0_2_particles_527.5.ttk
GEM,2120,0.0195,0,0,2,particles,530,data/GEM_2120_0.0195_0_0_2_particles_530.ttk
GEM,2130,0.0195,0,0,2,particles,532.5,data/GEM_2130_0.0195_0_0_2_particles_532.5.ttk
GEM,2140,0.0195,0,0,2,particles,535,data/GEM_2140_0.0195_0_0_2_particles_535.ttk
GEM,2150,0.0195,0,0,2,particles,537.5,data/GEM_2150_0.0195_0_0_2_particles_537.5.ttk
GEM,2160,0.0195,0,0,2,particles,540,data/GEM_2160_0.0195_0_0_2_particles_540.ttk
GEM,2170,0.0195,0,0,2,particles,542.5,data/GEM_2170_0.0195_0_0_2_particles_542.5.ttk
GEM,2180,0.0195,0,0,2,particles,545,data/GEM_2180_0.0195_0_0_2_particles_545.ttk
GEM,2190,0.0195,0,0,2,particles,547.5,data/GEM_2190_0.0195_0_0_2_particles_547.5.ttk
GEM,2200,0.0195,0,0,2,particles,550,data/GEM_2200_0.0195_0_0_2_particles_550.ttk
GEM,2210,0.0195,0,0,2,particles,552.5,data/GEM_2210_0.0195_0_0_2_particles_552.5.ttk
GEM,2220,0.0195,0,0,2,particles,555,data/GEM_2220_0.0195_0_0_2_particles_555.ttk
GEM,2230,0.0195,0,0,2,particles,557.5,data/GEM_2230_0.0195_0_0_2_particles_557.5.ttk
GEM,2240,0.0195,0,0,2,particles,560,data/GEM_2240_0.0195_0_0_2_particles_560.ttk
GEM,2250,0.0195,0,0,2,particles,562.5,data/GEM_2250_0.0195_0_0_2_particles_562.5.ttk
GEM,2260,0.0195,0,0,2,particles,565,data/GEM_2260_0.0195_0_0_2_particles_565.ttk
GEM,2270,0.0195,0,0,2,particles,567.5,data/GEM_2270_0.0195_0_0_2_particles_567.5.ttk
GEM,2280,0.0195,0,0,2,particles,570,data/GEM_2280_0.0195_0_0_2_particles_570.ttk
GEM,2290,0.0195,0,0,2,particles,572.5,data/GEM_2290_0.0195_0_0_2_particles_572.5.ttk
GEM,2300,0.0195,0,0,2,particles,575,data/GEM_2300_0.0195_0_0_2_particles_575.ttk
GEM,2310,0.0195,0,0,2,particles,577.5,data/GEM_2310_0.0195_0_0_2_particles_577.5.ttk
GEM,2320,0.0195,0,0,2,particles,580,data/GEM_2320_0.0195_0_0_2_particles_580.ttk
GEM,2330,0.0195,0,0,2,particles,582.5,data/GEM_2330_0.0195_0_0_2_particles_582.5.ttk
GEM,2340,0.0195,0,0,2,particles,585,data/GEM_2340_0.0195_0_0_2_particles_585.ttk
GEM,2350,0.0195,0,0,2,particles,587.5,data/GEM_2350_0.0195_0_0_2_particles_587.5.ttk
GEM,2360,0.0195,0,0,2,particles,590,data/GEM_2360_0.0195_0_0_2_particles_590.ttk
GEM,2370,0.0195,0,0,2,particles,592.5,data/GEM_2370_0.0195_0_0_2_particles_592.5.ttk
GEM,2380,0.0195,0,0,2,particles,595,data/GEM_2380_0.0195_0_0_2_particles_595.ttk
GEM,2390,0.0195,0,0,2,particles,597.5,data/GEM_2390_0.0195_0_0_2_particles_597.5.ttk
GEM,2400,0.0195,0,0,2,particles,600,data/GEM_2400_0.0195_0_0_2_particles_600.ttk
GEM,2410,0.0195,0,0,2,particles,602.5,data/GEM_2410_0.0195_0_0_2_particles_602.5.ttk
GEM,2420,0.0195,0,0,2,particles,605,data/GEM_2420_0.0195_0_0_2_particles_605.ttk
GEM,2430,0.0195,0,0,2,particles,607.5,data/GEM_2430_0.0195_0_0_2_particles_607.5.ttk
GEM,2440,0.0195,0,0,2,particles,610,data/GEM_2440_0.0195_0_0_2_particles_610.ttk
GEM,2450,0.0195,0,0,2,particles,612.5,data/GEM_2450_0.0195_0_0_2_particles_612.5.ttk
GEM,2460,0.0195,0,0,2,particles,615,data/GEM_2460_0.0195_0_0_2_particles_615.ttk
GEM,2470,0.0195,0,0,2,particles,617.5,data/GEM_2470_0.0195_0_0_2_particles_617.5.ttk
GEM,2480,0.0195,0,0,2,particles,620,data/GEM_2480_0.0195_0_0_2_particles_620.ttk
GEM,2490,0.0195,0,0,2,particles,622.5,data/GEM_2490_0.0195_0_0_2_particles_622.5.ttk
GEM,2500,0.0195,0,0,2,particles,625,data/GEM_2500_0.0195_0_0_2_particles_625.ttk
